<?xml version="1.0" encoding="UTF-8"?>
<gpx creator="StravaGPX" version="1.1" xmlns="http://www.topografix.com/GPX/1/1" xmlns:xsi="http://www.w3.org/2001/XMLSchema-instance" xsi:schemaLocation="http://www.topografix.com/GPX/1/1 http://www.topografix.com/GPX/1/1/gpx.xsd">
 <metadata>
  <name>Nordhoek</name>
  <author>
   <name>Viktor Diel</name>
   <link href="https://www.strava.com/athletes/80377851"/>
  </author>
  <copyright author="OpenStreetMap contributors">
   <year>2020</year>
   <license>https://www.openstreetmap.org/copyright</license>
  </copyright>
  <link href="https://www.strava.com/routes/3537005798861603520"/>
 </metadata>
 <trk>
  <name>Nordhoek</name>
  <link href="https://www.strava.com/routes/3537005798861603520"/>
  <type>cycling</type>
  <trkseg>
   <trkpt lat="-33.907920000000004" lon="18.39931">
    <ele>13.38</ele>
   </trkpt>
   <trkpt lat="-33.90797000268429" lon="18.3984950004683">
    <ele>13.44</ele>
   </trkpt>
   <trkpt lat="-33.90802" lon="18.39768">
    <ele>13.1</ele>
   </trkpt>
   <trkpt lat="-33.90805" lon="18.39767">
    <ele>13.35</ele>
   </trkpt>
   <trkpt lat="-33.90813" lon="18.397470000000002">
    <ele>14.040000000000001</ele>
   </trkpt>
   <trkpt lat="-33.90760500009477" lon="18.397239998531305">
    <ele>11.05</ele>
   </trkpt>
   <trkpt lat="-33.90708" lon="18.39701">
    <ele>9.27</ele>
   </trkpt>
   <trkpt lat="-33.907360000000004" lon="18.396330000000003">
    <ele>9.780000000000001</ele>
   </trkpt>
   <trkpt lat="-33.907610000000005" lon="18.39555">
    <ele>9.99</ele>
   </trkpt>
   <trkpt lat="-33.90771" lon="18.395310000000002">
    <ele>9.99</ele>
   </trkpt>
   <trkpt lat="-33.90794" lon="18.394930000000002">
    <ele>9.770000000000001</ele>
   </trkpt>
   <trkpt lat="-33.90847500154152" lon="18.39430500396578">
    <ele>9.35</ele>
   </trkpt>
   <trkpt lat="-33.90901" lon="18.39368">
    <ele>8.820000000000002</ele>
   </trkpt>
   <trkpt lat="-33.90907" lon="18.393590000000003">
    <ele>8.780000000000001</ele>
   </trkpt>
   <trkpt lat="-33.9094000033389" lon="18.39268500342238">
    <ele>8.860000000000001</ele>
   </trkpt>
   <trkpt lat="-33.90973" lon="18.39178">
    <ele>8.700000000000001</ele>
   </trkpt>
   <trkpt lat="-33.90986" lon="18.39148">
    <ele>8.55</ele>
   </trkpt>
   <trkpt lat="-33.91035000175223" lon="18.39081500387002">
    <ele>8.58</ele>
   </trkpt>
   <trkpt lat="-33.91084" lon="18.390150000000002">
    <ele>8.72</ele>
   </trkpt>
   <trkpt lat="-33.91120500071555" lon="18.38969000214571">
    <ele>8.860000000000001</ele>
   </trkpt>
   <trkpt lat="-33.911570000000005" lon="18.38923">
    <ele>8.63</ele>
   </trkpt>
   <trkpt lat="-33.911910000000006" lon="18.388930000000002">
    <ele>8.66</ele>
   </trkpt>
   <trkpt lat="-33.91258000246899" lon="18.38854001225805">
    <ele>8.780000000000001</ele>
   </trkpt>
   <trkpt lat="-33.913250003708875" lon="18.388150018384206">
    <ele>8.780000000000001</ele>
   </trkpt>
   <trkpt lat="-33.91392000371962" lon="18.38776001837822">
    <ele>9.1</ele>
   </trkpt>
   <trkpt lat="-33.914590002501164" lon="18.387370012239856">
    <ele>9.200000000000001</ele>
   </trkpt>
   <trkpt lat="-33.91526" lon="18.38698">
    <ele>9.420000000000002</ele>
   </trkpt>
   <trkpt lat="-33.9159300002826" lon="18.3867866697125">
    <ele>9.63</ele>
   </trkpt>
   <trkpt lat="-33.9166000002631" lon="18.38659333638483">
    <ele>9.71</ele>
   </trkpt>
   <trkpt lat="-33.91727" lon="18.386400000000002">
    <ele>10.24</ele>
   </trkpt>
   <trkpt lat="-33.917410000000004" lon="18.38634">
    <ele>10.24</ele>
   </trkpt>
   <trkpt lat="-33.91818" lon="18.38587">
    <ele>10.610000000000001</ele>
   </trkpt>
   <trkpt lat="-33.918420000000005" lon="18.38567">
    <ele>10.67</ele>
   </trkpt>
   <trkpt lat="-33.91863" lon="18.38541">
    <ele>10.780000000000001</ele>
   </trkpt>
   <trkpt lat="-33.9191" lon="18.38465">
    <ele>10.71</ele>
   </trkpt>
   <trkpt lat="-33.91942500240217" lon="18.383865003206864">
    <ele>11.520000000000001</ele>
   </trkpt>
   <trkpt lat="-33.91975" lon="18.383080000000003">
    <ele>12.110000000000001</ele>
   </trkpt>
   <trkpt lat="-33.91994000105839" lon="18.382570001117642">
    <ele>12.24</ele>
   </trkpt>
   <trkpt lat="-33.92013" lon="18.382060000000003">
    <ele>11.83</ele>
   </trkpt>
   <trkpt lat="-33.9205650026698" lon="18.38123000445541">
    <ele>11.89</ele>
   </trkpt>
   <trkpt lat="-33.921" lon="18.3804">
    <ele>12.430000000000001</ele>
   </trkpt>
   <trkpt lat="-33.921235000890874" lon="18.37991500146097">
    <ele>12.68</ele>
   </trkpt>
   <trkpt lat="-33.92147" lon="18.379430000000003">
    <ele>12.650000000000002</ele>
   </trkpt>
   <trkpt lat="-33.921490000000006" lon="18.379350000000002">
    <ele>12.74</ele>
   </trkpt>
   <trkpt lat="-33.921690000000005" lon="18.379240000000003">
    <ele>12.950000000000001</ele>
   </trkpt>
   <trkpt lat="-33.92179" lon="18.379250000000003">
    <ele>13.120000000000001</ele>
   </trkpt>
   <trkpt lat="-33.921910000000004" lon="18.37932">
    <ele>13.61</ele>
   </trkpt>
   <trkpt lat="-33.92228500068203" lon="18.379709998353388">
    <ele>15.99</ele>
   </trkpt>
   <trkpt lat="-33.92266" lon="18.380100000000002">
    <ele>19.64</ele>
   </trkpt>
   <trkpt lat="-33.922700000000006" lon="18.380270000000003">
    <ele>20.540000000000003</ele>
   </trkpt>
   <trkpt lat="-33.92275" lon="18.38043">
    <ele>22.320000000000004</ele>
   </trkpt>
   <trkpt lat="-33.922830000000005" lon="18.380480000000002">
    <ele>22.320000000000004</ele>
   </trkpt>
   <trkpt lat="-33.92295" lon="18.380480000000002">
    <ele>23.3</ele>
   </trkpt>
   <trkpt lat="-33.92304" lon="18.38051">
    <ele>24.310000000000002</ele>
   </trkpt>
   <trkpt lat="-33.92318" lon="18.380670000000002">
    <ele>25.720000000000002</ele>
   </trkpt>
   <trkpt lat="-33.92329" lon="18.380760000000002">
    <ele>27.12</ele>
   </trkpt>
   <trkpt lat="-33.92334" lon="18.380770000000002">
    <ele>27.48</ele>
   </trkpt>
   <trkpt lat="-33.92342" lon="18.38073">
    <ele>27.610000000000003</ele>
   </trkpt>
   <trkpt lat="-33.923590000000004" lon="18.38049">
    <ele>27.900000000000002</ele>
   </trkpt>
   <trkpt lat="-33.92411000152135" lon="18.379880003702905">
    <ele>27.3</ele>
   </trkpt>
   <trkpt lat="-33.92463" lon="18.37927">
    <ele>26.410000000000004</ele>
   </trkpt>
   <trkpt lat="-33.92477" lon="18.37919">
    <ele>26.42</ele>
   </trkpt>
   <trkpt lat="-33.925000000000004" lon="18.37909">
    <ele>26.560000000000002</ele>
   </trkpt>
   <trkpt lat="-33.92537" lon="18.378970000000002">
    <ele>26.390000000000004</ele>
   </trkpt>
   <trkpt lat="-33.926260000000006" lon="18.37901">
    <ele>28.700000000000003</ele>
   </trkpt>
   <trkpt lat="-33.92644" lon="18.37899">
    <ele>28.700000000000003</ele>
   </trkpt>
   <trkpt lat="-33.92665" lon="18.37891">
    <ele>28.830000000000002</ele>
   </trkpt>
   <trkpt lat="-33.92687" lon="18.37875">
    <ele>28.940000000000005</ele>
   </trkpt>
   <trkpt lat="-33.92734" lon="18.378210000000003">
    <ele>29.200000000000003</ele>
   </trkpt>
   <trkpt lat="-33.927690000000005" lon="18.377830000000003">
    <ele>29.75</ele>
   </trkpt>
   <trkpt lat="-33.9279" lon="18.37753">
    <ele>30.080000000000002</ele>
   </trkpt>
   <trkpt lat="-33.928090000000005" lon="18.37696">
    <ele>31.13</ele>
   </trkpt>
   <trkpt lat="-33.928160000000005" lon="18.376520000000003">
    <ele>31.92</ele>
   </trkpt>
   <trkpt lat="-33.92819" lon="18.37584">
    <ele>32.89</ele>
   </trkpt>
   <trkpt lat="-33.92826" lon="18.37574">
    <ele>32.89</ele>
   </trkpt>
   <trkpt lat="-33.92855" lon="18.37538">
    <ele>33.32</ele>
   </trkpt>
   <trkpt lat="-33.92866" lon="18.375300000000003">
    <ele>33.32</ele>
   </trkpt>
   <trkpt lat="-33.92869" lon="18.375300000000003">
    <ele>33.35</ele>
   </trkpt>
   <trkpt lat="-33.92875" lon="18.375300000000003">
    <ele>33.47</ele>
   </trkpt>
   <trkpt lat="-33.92935" lon="18.37571">
    <ele>34.64</ele>
   </trkpt>
   <trkpt lat="-33.92949" lon="18.375780000000002">
    <ele>34.64</ele>
   </trkpt>
   <trkpt lat="-33.92965" lon="18.375780000000002">
    <ele>35.300000000000004</ele>
   </trkpt>
   <trkpt lat="-33.93003" lon="18.37566">
    <ele>35.74</ele>
   </trkpt>
   <trkpt lat="-33.93041" lon="18.375690000000002">
    <ele>36.59</ele>
   </trkpt>
   <trkpt lat="-33.93061" lon="18.37575">
    <ele>37.08</ele>
   </trkpt>
   <trkpt lat="-33.9311" lon="18.37599">
    <ele>38.55</ele>
   </trkpt>
   <trkpt lat="-33.9315" lon="18.376070000000002">
    <ele>38.55</ele>
   </trkpt>
   <trkpt lat="-33.93188" lon="18.37612">
    <ele>39.470000000000006</ele>
   </trkpt>
   <trkpt lat="-33.93197" lon="18.376160000000002">
    <ele>39.580000000000005</ele>
   </trkpt>
   <trkpt lat="-33.93247000241816" lon="18.376934995435196">
    <ele>40.35</ele>
   </trkpt>
   <trkpt lat="-33.932970000000005" lon="18.37771">
    <ele>39.93</ele>
   </trkpt>
   <trkpt lat="-33.93314" lon="18.377940000000002">
    <ele>39.550000000000004</ele>
   </trkpt>
   <trkpt lat="-33.933220000000006" lon="18.378">
    <ele>39.550000000000004</ele>
   </trkpt>
   <trkpt lat="-33.93357" lon="18.37816">
    <ele>39.27</ele>
   </trkpt>
   <trkpt lat="-33.93374" lon="18.37818">
    <ele>39.21</ele>
   </trkpt>
   <trkpt lat="-33.93388" lon="18.37818">
    <ele>38.970000000000006</ele>
   </trkpt>
   <trkpt lat="-33.93437" lon="18.37805">
    <ele>38.44</ele>
   </trkpt>
   <trkpt lat="-33.93457" lon="18.37808">
    <ele>38.44</ele>
   </trkpt>
   <trkpt lat="-33.93515" lon="18.378410000000002">
    <ele>37.18000000000001</ele>
   </trkpt>
   <trkpt lat="-33.93538" lon="18.378500000000003">
    <ele>37.18000000000001</ele>
   </trkpt>
   <trkpt lat="-33.935610000000004" lon="18.378590000000003">
    <ele>36.9</ele>
   </trkpt>
   <trkpt lat="-33.93585" lon="18.37864">
    <ele>36.39000000000001</ele>
   </trkpt>
   <trkpt lat="-33.93598" lon="18.37862">
    <ele>36.39000000000001</ele>
   </trkpt>
   <trkpt lat="-33.93674" lon="18.378330000000002">
    <ele>35.03000000000001</ele>
   </trkpt>
   <trkpt lat="-33.93688" lon="18.378300000000003">
    <ele>34.49</ele>
   </trkpt>
   <trkpt lat="-33.93746" lon="18.37828">
    <ele>33.68</ele>
   </trkpt>
   <trkpt lat="-33.9377" lon="18.378230000000002">
    <ele>33.080000000000005</ele>
   </trkpt>
   <trkpt lat="-33.93798" lon="18.378120000000003">
    <ele>32.980000000000004</ele>
   </trkpt>
   <trkpt lat="-33.93811" lon="18.378030000000003">
    <ele>32.78</ele>
   </trkpt>
   <trkpt lat="-33.93842" lon="18.377750000000002">
    <ele>32.550000000000004</ele>
   </trkpt>
   <trkpt lat="-33.93867" lon="18.37763">
    <ele>32.470000000000006</ele>
   </trkpt>
   <trkpt lat="-33.93894" lon="18.37759">
    <ele>32.629999999999995</ele>
   </trkpt>
   <trkpt lat="-33.93929" lon="18.377650000000003">
    <ele>32.78</ele>
   </trkpt>
   <trkpt lat="-33.939510000000006" lon="18.37763">
    <ele>32.81</ele>
   </trkpt>
   <trkpt lat="-33.93963" lon="18.37759">
    <ele>32.760000000000005</ele>
   </trkpt>
   <trkpt lat="-33.93979" lon="18.3775">
    <ele>32.879999999999995</ele>
   </trkpt>
   <trkpt lat="-33.9401" lon="18.377170000000003">
    <ele>33.07</ele>
   </trkpt>
   <trkpt lat="-33.94035" lon="18.37696">
    <ele>33.04</ele>
   </trkpt>
   <trkpt lat="-33.94061" lon="18.37687">
    <ele>33.04</ele>
   </trkpt>
   <trkpt lat="-33.94082" lon="18.37683">
    <ele>32.730000000000004</ele>
   </trkpt>
   <trkpt lat="-33.94095" lon="18.37678">
    <ele>32.730000000000004</ele>
   </trkpt>
   <trkpt lat="-33.94104" lon="18.376720000000002">
    <ele>32.730000000000004</ele>
   </trkpt>
   <trkpt lat="-33.94122" lon="18.376520000000003">
    <ele>32.660000000000004</ele>
   </trkpt>
   <trkpt lat="-33.94146" lon="18.3759">
    <ele>32.34</ele>
   </trkpt>
   <trkpt lat="-33.94164" lon="18.37561">
    <ele>31.84</ele>
   </trkpt>
   <trkpt lat="-33.94169" lon="18.37556">
    <ele>31.84</ele>
   </trkpt>
   <trkpt lat="-33.94191" lon="18.37543">
    <ele>31.46</ele>
   </trkpt>
   <trkpt lat="-33.942" lon="18.375410000000002">
    <ele>31.330000000000002</ele>
   </trkpt>
   <trkpt lat="-33.94211" lon="18.375400000000003">
    <ele>31.330000000000002</ele>
   </trkpt>
   <trkpt lat="-33.942260000000005" lon="18.375420000000002">
    <ele>31.17</ele>
   </trkpt>
   <trkpt lat="-33.94281" lon="18.37555">
    <ele>30.430000000000003</ele>
   </trkpt>
   <trkpt lat="-33.94319" lon="18.375670000000003">
    <ele>30.18</ele>
   </trkpt>
   <trkpt lat="-33.94355" lon="18.37582">
    <ele>29.790000000000003</ele>
   </trkpt>
   <trkpt lat="-33.94382" lon="18.375960000000003">
    <ele>29.300000000000004</ele>
   </trkpt>
   <trkpt lat="-33.944430000000004" lon="18.376420000000003">
    <ele>28.76</ele>
   </trkpt>
   <trkpt lat="-33.94505" lon="18.37697">
    <ele>28.180000000000003</ele>
   </trkpt>
   <trkpt lat="-33.9452" lon="18.37713">
    <ele>27.46</ele>
   </trkpt>
   <trkpt lat="-33.945440000000005" lon="18.377460000000003">
    <ele>27.26</ele>
   </trkpt>
   <trkpt lat="-33.9459" lon="18.37829">
    <ele>25.96</ele>
   </trkpt>
   <trkpt lat="-33.946180000000005" lon="18.37875">
    <ele>22.88</ele>
   </trkpt>
   <trkpt lat="-33.94626" lon="18.37882">
    <ele>22.26</ele>
   </trkpt>
   <trkpt lat="-33.94637" lon="18.378880000000002">
    <ele>21.900000000000002</ele>
   </trkpt>
   <trkpt lat="-33.94659" lon="18.37892">
    <ele>21.310000000000002</ele>
   </trkpt>
   <trkpt lat="-33.946690000000004" lon="18.3789">
    <ele>21.28</ele>
   </trkpt>
   <trkpt lat="-33.946760000000005" lon="18.378860000000003">
    <ele>21.220000000000002</ele>
   </trkpt>
   <trkpt lat="-33.94711" lon="18.378590000000003">
    <ele>20.080000000000002</ele>
   </trkpt>
   <trkpt lat="-33.94722" lon="18.37853">
    <ele>19.75</ele>
   </trkpt>
   <trkpt lat="-33.94737" lon="18.378490000000003">
    <ele>19.4</ele>
   </trkpt>
   <trkpt lat="-33.94764" lon="18.378480000000003">
    <ele>17.87</ele>
   </trkpt>
   <trkpt lat="-33.94782" lon="18.37853">
    <ele>17.59</ele>
   </trkpt>
   <trkpt lat="-33.94836" lon="18.378860000000003">
    <ele>14.200000000000001</ele>
   </trkpt>
   <trkpt lat="-33.94852" lon="18.37893">
    <ele>13.57</ele>
   </trkpt>
   <trkpt lat="-33.94877" lon="18.37901">
    <ele>12.17</ele>
   </trkpt>
   <trkpt lat="-33.949200000000005" lon="18.379070000000002">
    <ele>11.11</ele>
   </trkpt>
   <trkpt lat="-33.94968" lon="18.378980000000002">
    <ele>9.72</ele>
   </trkpt>
   <trkpt lat="-33.94988" lon="18.3789">
    <ele>9.06</ele>
   </trkpt>
   <trkpt lat="-33.95046000021583" lon="18.37860500207967">
    <ele>8.010000000000002</ele>
   </trkpt>
   <trkpt lat="-33.951040000000006" lon="18.378310000000003">
    <ele>7.260000000000001</ele>
   </trkpt>
   <trkpt lat="-33.95174750178048" lon="18.37792750953702">
    <ele>7.04</ele>
   </trkpt>
   <trkpt lat="-33.952455002378" lon="18.37754501271404">
    <ele>7.2</ele>
   </trkpt>
   <trkpt lat="-33.95316250179251" lon="18.377162509530795">
    <ele>9.080000000000002</ele>
   </trkpt>
   <trkpt lat="-33.95387" lon="18.37678">
    <ele>10.280000000000001</ele>
   </trkpt>
   <trkpt lat="-33.95425" lon="18.37665">
    <ele>10.540000000000001</ele>
   </trkpt>
   <trkpt lat="-33.954510000000006" lon="18.3766">
    <ele>10.94</ele>
   </trkpt>
   <trkpt lat="-33.95497000000654" lon="18.376565000189096">
    <ele>10.31</ele>
   </trkpt>
   <trkpt lat="-33.95543" lon="18.376530000000002">
    <ele>10.75</ele>
   </trkpt>
   <trkpt lat="-33.955940000000005" lon="18.37656">
    <ele>13.200000000000001</ele>
   </trkpt>
   <trkpt lat="-33.95637" lon="18.376640000000002">
    <ele>15.14</ele>
   </trkpt>
   <trkpt lat="-33.95657" lon="18.376700000000003">
    <ele>15.3</ele>
   </trkpt>
   <trkpt lat="-33.956940000618616" lon="18.377014998815273">
    <ele>15.690000000000003</ele>
   </trkpt>
   <trkpt lat="-33.95731" lon="18.37733">
    <ele>16.12</ele>
   </trkpt>
   <trkpt lat="-33.9576" lon="18.37749">
    <ele>16.68</ele>
   </trkpt>
   <trkpt lat="-33.95792" lon="18.377570000000002">
    <ele>17.640000000000004</ele>
   </trkpt>
   <trkpt lat="-33.95859" lon="18.3775">
    <ele>19.880000000000003</ele>
   </trkpt>
   <trkpt lat="-33.95868" lon="18.377450000000003">
    <ele>19.880000000000003</ele>
   </trkpt>
   <trkpt lat="-33.959025000486704" lon="18.37708000157209">
    <ele>20.42</ele>
   </trkpt>
   <trkpt lat="-33.95937" lon="18.376710000000003">
    <ele>20.78</ele>
   </trkpt>
   <trkpt lat="-33.95946" lon="18.37629">
    <ele>20.810000000000002</ele>
   </trkpt>
   <trkpt lat="-33.95966" lon="18.375950000000003">
    <ele>20.8</ele>
   </trkpt>
   <trkpt lat="-33.95971" lon="18.37583">
    <ele>20.8</ele>
   </trkpt>
   <trkpt lat="-33.95971" lon="18.37536">
    <ele>20.53</ele>
   </trkpt>
   <trkpt lat="-33.95976" lon="18.37525">
    <ele>20.53</ele>
   </trkpt>
   <trkpt lat="-33.95989" lon="18.37516">
    <ele>20.400000000000002</ele>
   </trkpt>
   <trkpt lat="-33.96044500028246" lon="18.37491500158082">
    <ele>20.34</ele>
   </trkpt>
   <trkpt lat="-33.961000000000006" lon="18.374670000000002">
    <ele>20.3</ele>
   </trkpt>
   <trkpt lat="-33.96145500027699" lon="18.374450001137404">
    <ele>20.03</ele>
   </trkpt>
   <trkpt lat="-33.96191" lon="18.37423">
    <ele>19.62</ele>
   </trkpt>
   <trkpt lat="-33.9626" lon="18.37396">
    <ele>18.490000000000002</ele>
   </trkpt>
   <trkpt lat="-33.96325" lon="18.37347">
    <ele>17.37</ele>
   </trkpt>
   <trkpt lat="-33.963350000000005" lon="18.37341">
    <ele>17.37</ele>
   </trkpt>
   <trkpt lat="-33.96345" lon="18.37339">
    <ele>17.25</ele>
   </trkpt>
   <trkpt lat="-33.96358" lon="18.3734">
    <ele>16.95</ele>
   </trkpt>
   <trkpt lat="-33.96392" lon="18.373700000000003">
    <ele>16.28</ele>
   </trkpt>
   <trkpt lat="-33.96412" lon="18.37375">
    <ele>16.080000000000002</ele>
   </trkpt>
   <trkpt lat="-33.96459" lon="18.373700000000003">
    <ele>15.780000000000003</ele>
   </trkpt>
   <trkpt lat="-33.96497" lon="18.373350000000002">
    <ele>15.22</ele>
   </trkpt>
   <trkpt lat="-33.96508" lon="18.37328">
    <ele>15.22</ele>
   </trkpt>
   <trkpt lat="-33.96526" lon="18.373240000000003">
    <ele>14.820000000000002</ele>
   </trkpt>
   <trkpt lat="-33.96578499997127" lon="18.37335999923942">
    <ele>14.5</ele>
   </trkpt>
   <trkpt lat="-33.96631" lon="18.37348">
    <ele>13.88</ele>
   </trkpt>
   <trkpt lat="-33.96665" lon="18.37346">
    <ele>13.7</ele>
   </trkpt>
   <trkpt lat="-33.96689" lon="18.37336">
    <ele>13.540000000000001</ele>
   </trkpt>
   <trkpt lat="-33.96732" lon="18.373070000000002">
    <ele>13.23</ele>
   </trkpt>
   <trkpt lat="-33.96754" lon="18.3728">
    <ele>13.15</ele>
   </trkpt>
   <trkpt lat="-33.967800001084036" lon="18.372310001284784">
    <ele>13.23</ele>
   </trkpt>
   <trkpt lat="-33.96806" lon="18.371820000000003">
    <ele>13.620000000000001</ele>
   </trkpt>
   <trkpt lat="-33.96833" lon="18.3714">
    <ele>13.97</ele>
   </trkpt>
   <trkpt lat="-33.96844" lon="18.371270000000003">
    <ele>13.97</ele>
   </trkpt>
   <trkpt lat="-33.96857" lon="18.371160000000003">
    <ele>14.010000000000002</ele>
   </trkpt>
   <trkpt lat="-33.96871" lon="18.371080000000003">
    <ele>13.940000000000001</ele>
   </trkpt>
   <trkpt lat="-33.96898" lon="18.370990000000003">
    <ele>13.89</ele>
   </trkpt>
   <trkpt lat="-33.96913" lon="18.370980000000003">
    <ele>13.860000000000001</ele>
   </trkpt>
   <trkpt lat="-33.9694" lon="18.371000000000002">
    <ele>13.860000000000001</ele>
   </trkpt>
   <trkpt lat="-33.97007333388864" lon="18.371253329335257">
    <ele>13.8</ele>
   </trkpt>
   <trkpt lat="-33.970746667258226" lon="18.371506662682176">
    <ele>13.99</ele>
   </trkpt>
   <trkpt lat="-33.97142" lon="18.371760000000002">
    <ele>13.670000000000002</ele>
   </trkpt>
   <trkpt lat="-33.9716" lon="18.37179">
    <ele>13.670000000000002</ele>
   </trkpt>
   <trkpt lat="-33.972170000000006" lon="18.37181">
    <ele>13.520000000000001</ele>
   </trkpt>
   <trkpt lat="-33.97279999996891" lon="18.371710000752252">
    <ele>12.66</ele>
   </trkpt>
   <trkpt lat="-33.97343" lon="18.37161">
    <ele>12.48</ele>
   </trkpt>
   <trkpt lat="-33.97374" lon="18.371480000000002">
    <ele>12.41</ele>
   </trkpt>
   <trkpt lat="-33.973760000000006" lon="18.371460000000003">
    <ele>12.42</ele>
   </trkpt>
   <trkpt lat="-33.97392" lon="18.371360000000003">
    <ele>12.520000000000001</ele>
   </trkpt>
   <trkpt lat="-33.97424" lon="18.371070000000003">
    <ele>12.8</ele>
   </trkpt>
   <trkpt lat="-33.97437" lon="18.370880000000003">
    <ele>13.160000000000002</ele>
   </trkpt>
   <trkpt lat="-33.97475" lon="18.370140000000003">
    <ele>13.56</ele>
   </trkpt>
   <trkpt lat="-33.97491" lon="18.369870000000002">
    <ele>13.860000000000001</ele>
   </trkpt>
   <trkpt lat="-33.97511" lon="18.369600000000002">
    <ele>14.370000000000001</ele>
   </trkpt>
   <trkpt lat="-33.97557000112788" lon="18.369050003089864">
    <ele>15.93</ele>
   </trkpt>
   <trkpt lat="-33.97603" lon="18.3685">
    <ele>16.78</ele>
   </trkpt>
   <trkpt lat="-33.97616" lon="18.368370000000002">
    <ele>16.92</ele>
   </trkpt>
   <trkpt lat="-33.97686500141161" lon="18.367770005013103">
    <ele>17.54</ele>
   </trkpt>
   <trkpt lat="-33.97757" lon="18.36717">
    <ele>18.3</ele>
   </trkpt>
   <trkpt lat="-33.97778" lon="18.366970000000002">
    <ele>18.51</ele>
   </trkpt>
   <trkpt lat="-33.97828000130625" lon="18.366420003143652">
    <ele>19.020000000000003</ele>
   </trkpt>
   <trkpt lat="-33.97878" lon="18.36587">
    <ele>19.340000000000003</ele>
   </trkpt>
   <trkpt lat="-33.97905" lon="18.365530000000003">
    <ele>19.76</ele>
   </trkpt>
   <trkpt lat="-33.97918" lon="18.365260000000003">
    <ele>19.76</ele>
   </trkpt>
   <trkpt lat="-33.97945" lon="18.36456">
    <ele>20.41</ele>
   </trkpt>
   <trkpt lat="-33.97959" lon="18.36439">
    <ele>20.41</ele>
   </trkpt>
   <trkpt lat="-33.97974" lon="18.364230000000003">
    <ele>20.490000000000002</ele>
   </trkpt>
   <trkpt lat="-33.97995" lon="18.364130000000003">
    <ele>20.41</ele>
   </trkpt>
   <trkpt lat="-33.9805" lon="18.364">
    <ele>20.05</ele>
   </trkpt>
   <trkpt lat="-33.98071" lon="18.36391">
    <ele>19.89</ele>
   </trkpt>
   <trkpt lat="-33.98086" lon="18.3638">
    <ele>19.42</ele>
   </trkpt>
   <trkpt lat="-33.98102" lon="18.36363">
    <ele>19.42</ele>
   </trkpt>
   <trkpt lat="-33.98127" lon="18.36314">
    <ele>18.98</ele>
   </trkpt>
   <trkpt lat="-33.981460000000006" lon="18.36288">
    <ele>18.930000000000003</ele>
   </trkpt>
   <trkpt lat="-33.98167" lon="18.3627">
    <ele>18.950000000000003</ele>
   </trkpt>
   <trkpt lat="-33.98216" lon="18.36239">
    <ele>19.12</ele>
   </trkpt>
   <trkpt lat="-33.98243" lon="18.36205">
    <ele>19.46</ele>
   </trkpt>
   <trkpt lat="-33.9825" lon="18.36185">
    <ele>19.46</ele>
   </trkpt>
   <trkpt lat="-33.98252" lon="18.361520000000002">
    <ele>19.680000000000003</ele>
   </trkpt>
   <trkpt lat="-33.9825" lon="18.361310000000003">
    <ele>19.680000000000003</ele>
   </trkpt>
   <trkpt lat="-33.98234" lon="18.36072">
    <ele>19.41</ele>
   </trkpt>
   <trkpt lat="-33.98232" lon="18.36041">
    <ele>18.99</ele>
   </trkpt>
   <trkpt lat="-33.98234" lon="18.360100000000003">
    <ele>17.75</ele>
   </trkpt>
   <trkpt lat="-33.982400000000005" lon="18.35979">
    <ele>17.43</ele>
   </trkpt>
   <trkpt lat="-33.98254" lon="18.3595">
    <ele>16.78</ele>
   </trkpt>
   <trkpt lat="-33.982760000000006" lon="18.359180000000002">
    <ele>16.330000000000002</ele>
   </trkpt>
   <trkpt lat="-33.98337" lon="18.35854">
    <ele>15.870000000000001</ele>
   </trkpt>
   <trkpt lat="-33.98358" lon="18.35835">
    <ele>15.690000000000003</ele>
   </trkpt>
   <trkpt lat="-33.98375" lon="18.35825">
    <ele>15.580000000000002</ele>
   </trkpt>
   <trkpt lat="-33.98438" lon="18.35798">
    <ele>16.380000000000003</ele>
   </trkpt>
   <trkpt lat="-33.98456" lon="18.357850000000003">
    <ele>17.01</ele>
   </trkpt>
   <trkpt lat="-33.98469" lon="18.35772">
    <ele>17.01</ele>
   </trkpt>
   <trkpt lat="-33.98485" lon="18.35751">
    <ele>19.250000000000004</ele>
   </trkpt>
   <trkpt lat="-33.98498" lon="18.35715">
    <ele>20.400000000000002</ele>
   </trkpt>
   <trkpt lat="-33.98517000181449" lon="18.356485001396333">
    <ele>23.22</ele>
   </trkpt>
   <trkpt lat="-33.98536" lon="18.35582">
    <ele>26.36</ele>
   </trkpt>
   <trkpt lat="-33.98552" lon="18.35546">
    <ele>27.71</ele>
   </trkpt>
   <trkpt lat="-33.98572" lon="18.355120000000003">
    <ele>29.01</ele>
   </trkpt>
   <trkpt lat="-33.98597" lon="18.354840000000003">
    <ele>29.540000000000003</ele>
   </trkpt>
   <trkpt lat="-33.98619" lon="18.354660000000003">
    <ele>30.680000000000003</ele>
   </trkpt>
   <trkpt lat="-33.98653" lon="18.35445">
    <ele>32.06</ele>
   </trkpt>
   <trkpt lat="-33.98722" lon="18.35413">
    <ele>34.39</ele>
   </trkpt>
   <trkpt lat="-33.98742" lon="18.35396">
    <ele>35.18</ele>
   </trkpt>
   <trkpt lat="-33.98753" lon="18.353810000000003">
    <ele>35.35</ele>
   </trkpt>
   <trkpt lat="-33.98767" lon="18.35348">
    <ele>35.81</ele>
   </trkpt>
   <trkpt lat="-33.9878" lon="18.352700000000002">
    <ele>36.18</ele>
   </trkpt>
   <trkpt lat="-33.98794" lon="18.35216">
    <ele>36.02</ele>
   </trkpt>
   <trkpt lat="-33.98815000118651" lon="18.351600001602407">
    <ele>35.89000000000001</ele>
   </trkpt>
   <trkpt lat="-33.98836" lon="18.35104">
    <ele>36.64000000000001</ele>
   </trkpt>
   <trkpt lat="-33.98841" lon="18.350710000000003">
    <ele>36.64000000000001</ele>
   </trkpt>
   <trkpt lat="-33.98836" lon="18.34994">
    <ele>38.61000000000001</ele>
   </trkpt>
   <trkpt lat="-33.98843" lon="18.349580000000003">
    <ele>39.650000000000006</ele>
   </trkpt>
   <trkpt lat="-33.9885" lon="18.349420000000002">
    <ele>39.650000000000006</ele>
   </trkpt>
   <trkpt lat="-33.98863" lon="18.3492">
    <ele>41.53</ele>
   </trkpt>
   <trkpt lat="-33.98888" lon="18.349030000000003">
    <ele>42.52</ele>
   </trkpt>
   <trkpt lat="-33.98937" lon="18.34878">
    <ele>45.03</ele>
   </trkpt>
   <trkpt lat="-33.98953" lon="18.34869">
    <ele>48.59</ele>
   </trkpt>
   <trkpt lat="-33.98971" lon="18.34852">
    <ele>48.59</ele>
   </trkpt>
   <trkpt lat="-33.98982" lon="18.348370000000003">
    <ele>49.52</ele>
   </trkpt>
   <trkpt lat="-33.98991" lon="18.348180000000003">
    <ele>51.64000000000001</ele>
   </trkpt>
   <trkpt lat="-33.99011000104965" lon="18.347655001406935">
    <ele>53.040000000000006</ele>
   </trkpt>
   <trkpt lat="-33.99031" lon="18.34713">
    <ele>56.980000000000004</ele>
   </trkpt>
   <trkpt lat="-33.9904" lon="18.34694">
    <ele>58.14</ele>
   </trkpt>
   <trkpt lat="-33.9909250026372" lon="18.346125005112462">
    <ele>60.82000000000001</ele>
   </trkpt>
   <trkpt lat="-33.99145" lon="18.34531">
    <ele>64.33000000000001</ele>
   </trkpt>
   <trkpt lat="-33.99159" lon="18.34513">
    <ele>65.08</ele>
   </trkpt>
   <trkpt lat="-33.9917" lon="18.34505">
    <ele>66.88000000000001</ele>
   </trkpt>
   <trkpt lat="-33.99193" lon="18.34493">
    <ele>67.12</ele>
   </trkpt>
   <trkpt lat="-33.99203" lon="18.344910000000002">
    <ele>67.63000000000001</ele>
   </trkpt>
   <trkpt lat="-33.99221" lon="18.344900000000003">
    <ele>68.49000000000001</ele>
   </trkpt>
   <trkpt lat="-33.99297" lon="18.344920000000002">
    <ele>71.33</ele>
   </trkpt>
   <trkpt lat="-33.993190000000006" lon="18.34494">
    <ele>73.39000000000001</ele>
   </trkpt>
   <trkpt lat="-33.99338" lon="18.344980000000003">
    <ele>73.39000000000001</ele>
   </trkpt>
   <trkpt lat="-33.994240000190814" lon="18.34523499739746">
    <ele>78.39</ele>
   </trkpt>
   <trkpt lat="-33.9951" lon="18.34549">
    <ele>81.58</ele>
   </trkpt>
   <trkpt lat="-33.99548" lon="18.345660000000002">
    <ele>83.06</ele>
   </trkpt>
   <trkpt lat="-33.995630000000006" lon="18.34578">
    <ele>84.19</ele>
   </trkpt>
   <trkpt lat="-33.99613" lon="18.34636">
    <ele>87.81000000000002</ele>
   </trkpt>
   <trkpt lat="-33.99631" lon="18.34652">
    <ele>88.49000000000001</ele>
   </trkpt>
   <trkpt lat="-33.99653" lon="18.346610000000002">
    <ele>90.71000000000001</ele>
   </trkpt>
   <trkpt lat="-33.99667" lon="18.34664">
    <ele>90.71000000000001</ele>
   </trkpt>
   <trkpt lat="-33.99685" lon="18.34665">
    <ele>91.80000000000001</ele>
   </trkpt>
   <trkpt lat="-33.99770000004861" lon="18.34654000110067">
    <ele>96.61</ele>
   </trkpt>
   <trkpt lat="-33.99855" lon="18.34643">
    <ele>101.71000000000001</ele>
   </trkpt>
   <trkpt lat="-33.99875" lon="18.34636">
    <ele>102.17</ele>
   </trkpt>
   <trkpt lat="-33.99893" lon="18.346230000000002">
    <ele>103.39</ele>
   </trkpt>
   <trkpt lat="-33.99911" lon="18.346020000000003">
    <ele>104.17000000000002</ele>
   </trkpt>
   <trkpt lat="-33.99917" lon="18.34589">
    <ele>104.70000000000002</ele>
   </trkpt>
   <trkpt lat="-33.99929" lon="18.345460000000003">
    <ele>105.52</ele>
   </trkpt>
   <trkpt lat="-33.99938" lon="18.34497">
    <ele>106.13</ele>
   </trkpt>
   <trkpt lat="-33.99947" lon="18.34465">
    <ele>107.26</ele>
   </trkpt>
   <trkpt lat="-33.99953" lon="18.344540000000002">
    <ele>107.80000000000001</ele>
   </trkpt>
   <trkpt lat="-33.99967" lon="18.344350000000002">
    <ele>108.2</ele>
   </trkpt>
   <trkpt lat="-33.999840000000006" lon="18.3442">
    <ele>109.43</ele>
   </trkpt>
   <trkpt lat="-33.99998" lon="18.34413">
    <ele>110.11000000000001</ele>
   </trkpt>
   <trkpt lat="-34.00029" lon="18.34403">
    <ele>111.18</ele>
   </trkpt>
   <trkpt lat="-34.00086500002693" lon="18.343905000854058">
    <ele>115.23</ele>
   </trkpt>
   <trkpt lat="-34.00144" lon="18.343780000000002">
    <ele>116.63000000000001</ele>
   </trkpt>
   <trkpt lat="-34.00157" lon="18.343760000000003">
    <ele>117.27000000000001</ele>
   </trkpt>
   <trkpt lat="-34.00175" lon="18.343770000000003">
    <ele>117.68</ele>
   </trkpt>
   <trkpt lat="-34.00199" lon="18.34385">
    <ele>118.34000000000002</ele>
   </trkpt>
   <trkpt lat="-34.00213" lon="18.34394">
    <ele>118.61</ele>
   </trkpt>
   <trkpt lat="-34.00224" lon="18.344060000000002">
    <ele>118.95000000000002</ele>
   </trkpt>
   <trkpt lat="-34.00233" lon="18.3442">
    <ele>119.11</ele>
   </trkpt>
   <trkpt lat="-34.00262" lon="18.34512">
    <ele>119.86</ele>
   </trkpt>
   <trkpt lat="-34.00276" lon="18.345380000000002">
    <ele>119.91000000000001</ele>
   </trkpt>
   <trkpt lat="-34.00296" lon="18.34559">
    <ele>120.08</ele>
   </trkpt>
   <trkpt lat="-34.003130000000006" lon="18.34568">
    <ele>120.46000000000001</ele>
   </trkpt>
   <trkpt lat="-34.00357000015195" lon="18.345824999270867">
    <ele>120.64000000000001</ele>
   </trkpt>
   <trkpt lat="-34.00401" lon="18.34597">
    <ele>120.98</ele>
   </trkpt>
   <trkpt lat="-34.00417" lon="18.34605">
    <ele>120.98</ele>
   </trkpt>
   <trkpt lat="-34.004270000000005" lon="18.346120000000003">
    <ele>121.00000000000001</ele>
   </trkpt>
   <trkpt lat="-34.00448" lon="18.346400000000003">
    <ele>120.94</ele>
   </trkpt>
   <trkpt lat="-34.00473" lon="18.34693">
    <ele>121.4</ele>
   </trkpt>
   <trkpt lat="-34.00493" lon="18.34722">
    <ele>121.70000000000002</ele>
   </trkpt>
   <trkpt lat="-34.00511" lon="18.347360000000002">
    <ele>122.96000000000001</ele>
   </trkpt>
   <trkpt lat="-34.00535" lon="18.34747">
    <ele>122.96000000000001</ele>
   </trkpt>
   <trkpt lat="-34.00553" lon="18.34749">
    <ele>123.82000000000001</ele>
   </trkpt>
   <trkpt lat="-34.00591" lon="18.34749">
    <ele>124.63</ele>
   </trkpt>
   <trkpt lat="-34.00605" lon="18.34748">
    <ele>125.87</ele>
   </trkpt>
   <trkpt lat="-34.006170000000004" lon="18.347430000000003">
    <ele>125.87</ele>
   </trkpt>
   <trkpt lat="-34.00665" lon="18.347440000000002">
    <ele>127.05000000000003</ele>
   </trkpt>
   <trkpt lat="-34.00699" lon="18.347550000000002">
    <ele>128.46</ele>
   </trkpt>
   <trkpt lat="-34.00712" lon="18.347620000000003">
    <ele>128.82999999999998</ele>
   </trkpt>
   <trkpt lat="-34.00739" lon="18.347820000000002">
    <ele>130.54999999999998</ele>
   </trkpt>
   <trkpt lat="-34.00777" lon="18.34815">
    <ele>134.64000000000001</ele>
   </trkpt>
   <trkpt lat="-34.00802" lon="18.348290000000002">
    <ele>134.64000000000001</ele>
   </trkpt>
   <trkpt lat="-34.0082" lon="18.348370000000003">
    <ele>136.08</ele>
   </trkpt>
   <trkpt lat="-34.00851" lon="18.348390000000002">
    <ele>138.72</ele>
   </trkpt>
   <trkpt lat="-34.00898" lon="18.348390000000002">
    <ele>139.72</ele>
   </trkpt>
   <trkpt lat="-34.00918" lon="18.348470000000002">
    <ele>141.35</ele>
   </trkpt>
   <trkpt lat="-34.00976666753903" lon="18.34880332871208">
    <ele>148.99</ele>
   </trkpt>
   <trkpt lat="-34.01035333417892" lon="18.34913666203014">
    <ele>151.79</ele>
   </trkpt>
   <trkpt lat="-34.010940000000005" lon="18.34947">
    <ele>155.38000000000002</ele>
   </trkpt>
   <trkpt lat="-34.01158" lon="18.34982">
    <ele>156.4</ele>
   </trkpt>
   <trkpt lat="-34.01193" lon="18.35">
    <ele>155.88000000000002</ele>
   </trkpt>
   <trkpt lat="-34.01216" lon="18.350070000000002">
    <ele>154.74</ele>
   </trkpt>
   <trkpt lat="-34.012570000000004" lon="18.350070000000002">
    <ele>153.00000000000003</ele>
   </trkpt>
   <trkpt lat="-34.01334" lon="18.349960000000003">
    <ele>146.34000000000003</ele>
   </trkpt>
   <trkpt lat="-34.0137" lon="18.349960000000003">
    <ele>145.17000000000002</ele>
   </trkpt>
   <trkpt lat="-34.01389" lon="18.35001">
    <ele>144.61</ele>
   </trkpt>
   <trkpt lat="-34.01458000024107" lon="18.35028999769342">
    <ele>138.92000000000002</ele>
   </trkpt>
   <trkpt lat="-34.01527" lon="18.35057">
    <ele>134.9</ele>
   </trkpt>
   <trkpt lat="-34.0161" lon="18.350810000000003">
    <ele>128.44</ele>
   </trkpt>
   <trkpt lat="-34.01655" lon="18.350890000000003">
    <ele>125.29</ele>
   </trkpt>
   <trkpt lat="-34.0173140000925" lon="18.3509719970462">
    <ele>118.5</ele>
   </trkpt>
   <trkpt lat="-34.01807800013058" lon="18.351053995568353">
    <ele>115.05000000000001</ele>
   </trkpt>
   <trkpt lat="-34.01884200011423" lon="18.35113599556653">
    <ele>110.26</ele>
   </trkpt>
   <trkpt lat="-34.019606000043474" lon="18.3512179970408">
    <ele>103.3</ele>
   </trkpt>
   <trkpt lat="-34.02037" lon="18.351300000000002">
    <ele>97.42</ele>
   </trkpt>
   <trkpt lat="-34.02113" lon="18.351370000000003">
    <ele>92.51</ele>
   </trkpt>
   <trkpt lat="-34.02156" lon="18.351360000000003">
    <ele>88.3</ele>
   </trkpt>
   <trkpt lat="-34.022155000071656" lon="18.351295000449717">
    <ele>81.74000000000001</ele>
   </trkpt>
   <trkpt lat="-34.02275" lon="18.35123">
    <ele>78.58000000000001</ele>
   </trkpt>
   <trkpt lat="-34.02355" lon="18.351110000000002">
    <ele>70.67000000000002</ele>
   </trkpt>
   <trkpt lat="-34.02387" lon="18.35104">
    <ele>70.67000000000002</ele>
   </trkpt>
   <trkpt lat="-34.02427" lon="18.350920000000002">
    <ele>64.99000000000001</ele>
   </trkpt>
   <trkpt lat="-34.02512" lon="18.350630000000002">
    <ele>59.02</ele>
   </trkpt>
   <trkpt lat="-34.025842500883044" lon="18.350362506827157">
    <ele>53.290000000000006</ele>
   </trkpt>
   <trkpt lat="-34.02656500118692" lon="18.35009500909948">
    <ele>47.580000000000005</ele>
   </trkpt>
   <trkpt lat="-34.027287500911605" lon="18.349827506816784">
    <ele>41.77</ele>
   </trkpt>
   <trkpt lat="-34.02801" lon="18.34956">
    <ele>37.58</ele>
   </trkpt>
   <trkpt lat="-34.02816" lon="18.349520000000002">
    <ele>36.45</ele>
   </trkpt>
   <trkpt lat="-34.02872" lon="18.349220000000003">
    <ele>32.480000000000004</ele>
   </trkpt>
   <trkpt lat="-34.0291" lon="18.349050000000002">
    <ele>30.8</ele>
   </trkpt>
   <trkpt lat="-34.02919" lon="18.349020000000003">
    <ele>30.37</ele>
   </trkpt>
   <trkpt lat="-34.02928" lon="18.349020000000003">
    <ele>29.640000000000004</ele>
   </trkpt>
   <trkpt lat="-34.02942" lon="18.349050000000002">
    <ele>29.640000000000004</ele>
   </trkpt>
   <trkpt lat="-34.02951" lon="18.349110000000003">
    <ele>29.640000000000004</ele>
   </trkpt>
   <trkpt lat="-34.02975" lon="18.34935">
    <ele>26.490000000000002</ele>
   </trkpt>
   <trkpt lat="-34.02998" lon="18.34955">
    <ele>24.96</ele>
   </trkpt>
   <trkpt lat="-34.030080000000005" lon="18.349600000000002">
    <ele>24.96</ele>
   </trkpt>
   <trkpt lat="-34.03038" lon="18.35004">
    <ele>23.1</ele>
   </trkpt>
   <trkpt lat="-34.03045" lon="18.350170000000002">
    <ele>21.37</ele>
   </trkpt>
   <trkpt lat="-34.03049" lon="18.350350000000002">
    <ele>21.37</ele>
   </trkpt>
   <trkpt lat="-34.030530000000006" lon="18.3506">
    <ele>19.98</ele>
   </trkpt>
   <trkpt lat="-34.03105000009723" lon="18.350515000509837">
    <ele>19.03</ele>
   </trkpt>
   <trkpt lat="-34.03157" lon="18.350430000000003">
    <ele>18.160000000000004</ele>
   </trkpt>
   <trkpt lat="-34.0317" lon="18.350440000000003">
    <ele>17.900000000000002</ele>
   </trkpt>
   <trkpt lat="-34.03253444504397" lon="18.350575544889765">
    <ele>17.830000000000002</ele>
   </trkpt>
   <trkpt lat="-34.033368889939226" lon="18.35071109244584">
    <ele>18.26</ele>
   </trkpt>
   <trkpt lat="-34.03420333468573" lon="18.350846642668373">
    <ele>16.39</ele>
   </trkpt>
   <trkpt lat="-34.0350377792835" lon="18.350982195557492">
    <ele>14.92</ele>
   </trkpt>
   <trkpt lat="-34.035872223732525" lon="18.351117751113332">
    <ele>14.48</ele>
   </trkpt>
   <trkpt lat="-34.036706668032785" lon="18.351253309336037">
    <ele>13.200000000000001</ele>
   </trkpt>
   <trkpt lat="-34.03754111218429" lon="18.351388870225737">
    <ele>12.600000000000001</ele>
   </trkpt>
   <trkpt lat="-34.03837555618701" lon="18.351524433782565">
    <ele>14.59</ele>
   </trkpt>
   <trkpt lat="-34.039210000000004" lon="18.351660000000003">
    <ele>19.24</ele>
   </trkpt>
   <trkpt lat="-34.03999000020748" lon="18.351764995169706">
    <ele>19.84</ele>
   </trkpt>
   <trkpt lat="-34.0407700003257" lon="18.35186999227056">
    <ele>13.620000000000001</ele>
   </trkpt>
   <trkpt lat="-34.04155000035467" lon="18.351974991302658">
    <ele>8.76</ele>
   </trkpt>
   <trkpt lat="-34.04233000029438" lon="18.3520799922661">
    <ele>7.5</ele>
   </trkpt>
   <trkpt lat="-34.043110000144814" lon="18.35218499516096">
    <ele>7.61</ele>
   </trkpt>
   <trkpt lat="-34.043890000000005" lon="18.35229">
    <ele>7.34</ele>
   </trkpt>
   <trkpt lat="-34.043870000000005" lon="18.35229">
    <ele>7.3500000000000005</ele>
   </trkpt>
   <trkpt lat="-34.04372" lon="18.35273">
    <ele>6.8100000000000005</ele>
   </trkpt>
   <trkpt lat="-34.043205002883056" lon="18.353580005230523">
    <ele>6.7</ele>
   </trkpt>
   <trkpt lat="-34.04269" lon="18.35443">
    <ele>7.24</ele>
   </trkpt>
   <trkpt lat="-34.04256" lon="18.35461">
    <ele>7.24</ele>
   </trkpt>
   <trkpt lat="-34.04254" lon="18.35461">
    <ele>7.29</ele>
   </trkpt>
   <trkpt lat="-34.042440000000006" lon="18.3548">
    <ele>7.29</ele>
   </trkpt>
   <trkpt lat="-34.04204" lon="18.355620000000002">
    <ele>7.86</ele>
   </trkpt>
   <trkpt lat="-34.04187" lon="18.35602">
    <ele>8.14</ele>
   </trkpt>
   <trkpt lat="-34.04173" lon="18.3565">
    <ele>8.350000000000001</ele>
   </trkpt>
   <trkpt lat="-34.04164" lon="18.356920000000002">
    <ele>8.6</ele>
   </trkpt>
   <trkpt lat="-34.04158" lon="18.357930000000003">
    <ele>9.06</ele>
   </trkpt>
   <trkpt lat="-34.04171" lon="18.358810000000002">
    <ele>9.430000000000001</ele>
   </trkpt>
   <trkpt lat="-34.04171" lon="18.35905">
    <ele>9.860000000000001</ele>
   </trkpt>
   <trkpt lat="-34.04175" lon="18.35904">
    <ele>9.860000000000001</ele>
   </trkpt>
   <trkpt lat="-34.041760000000004" lon="18.359280000000002">
    <ele>10.41</ele>
   </trkpt>
   <trkpt lat="-34.041740000000004" lon="18.35932">
    <ele>10.540000000000001</ele>
   </trkpt>
   <trkpt lat="-34.04173" lon="18.359450000000002">
    <ele>10.730000000000002</ele>
   </trkpt>
   <trkpt lat="-34.04178" lon="18.35952">
    <ele>10.81</ele>
   </trkpt>
   <trkpt lat="-34.04182" lon="18.359540000000003">
    <ele>10.81</ele>
   </trkpt>
   <trkpt lat="-34.04191" lon="18.359530000000003">
    <ele>10.85</ele>
   </trkpt>
   <trkpt lat="-34.04193" lon="18.3595">
    <ele>10.85</ele>
   </trkpt>
   <trkpt lat="-34.042190000000005" lon="18.35947">
    <ele>10.6</ele>
   </trkpt>
   <trkpt lat="-34.04245" lon="18.35948">
    <ele>10.290000000000001</ele>
   </trkpt>
   <trkpt lat="-34.04274" lon="18.35947">
    <ele>10.15</ele>
   </trkpt>
   <trkpt lat="-34.043060000000004" lon="18.35939">
    <ele>9.64</ele>
   </trkpt>
   <trkpt lat="-34.043150000000004" lon="18.359340000000003">
    <ele>9.41</ele>
   </trkpt>
   <trkpt lat="-34.04346" lon="18.35931">
    <ele>8.92</ele>
   </trkpt>
   <trkpt lat="-34.04365" lon="18.35933">
    <ele>8.530000000000001</ele>
   </trkpt>
   <trkpt lat="-34.04377" lon="18.359370000000002">
    <ele>8.530000000000001</ele>
   </trkpt>
   <trkpt lat="-34.04401" lon="18.35952">
    <ele>8.21</ele>
   </trkpt>
   <trkpt lat="-34.04419" lon="18.35967">
    <ele>7.91</ele>
   </trkpt>
   <trkpt lat="-34.044470000000004" lon="18.360000000000003">
    <ele>7.800000000000001</ele>
   </trkpt>
   <trkpt lat="-34.04477000072088" lon="18.36041499856463">
    <ele>7.29</ele>
   </trkpt>
   <trkpt lat="-34.04507" lon="18.36083">
    <ele>7.2</ele>
   </trkpt>
   <trkpt lat="-34.04518" lon="18.36071">
    <ele>7.140000000000001</ele>
   </trkpt>
   <trkpt lat="-34.045190000000005" lon="18.36035">
    <ele>7.2</ele>
   </trkpt>
   <trkpt lat="-34.04527" lon="18.35959">
    <ele>6.69</ele>
   </trkpt>
   <trkpt lat="-34.045190000000005" lon="18.36035">
    <ele>7.2</ele>
   </trkpt>
   <trkpt lat="-34.04518" lon="18.36071">
    <ele>7.2</ele>
   </trkpt>
   <trkpt lat="-34.04507" lon="18.36083">
    <ele>7.220000000000001</ele>
   </trkpt>
   <trkpt lat="-34.04529" lon="18.361120000000003">
    <ele>7.2</ele>
   </trkpt>
   <trkpt lat="-34.04572" lon="18.361600000000003">
    <ele>7.08</ele>
   </trkpt>
   <trkpt lat="-34.04603" lon="18.36184">
    <ele>6.7700000000000005</ele>
   </trkpt>
   <trkpt lat="-34.04616" lon="18.361880000000003">
    <ele>6.7700000000000005</ele>
   </trkpt>
   <trkpt lat="-34.04639" lon="18.361880000000003">
    <ele>6.68</ele>
   </trkpt>
   <trkpt lat="-34.04647" lon="18.36185">
    <ele>6.72</ele>
   </trkpt>
   <trkpt lat="-34.046640000000004" lon="18.36175">
    <ele>6.94</ele>
   </trkpt>
   <trkpt lat="-34.04712" lon="18.36146">
    <ele>8.190000000000001</ele>
   </trkpt>
   <trkpt lat="-34.04739" lon="18.361330000000002">
    <ele>9.72</ele>
   </trkpt>
   <trkpt lat="-34.04775" lon="18.361220000000003">
    <ele>13.48</ele>
   </trkpt>
   <trkpt lat="-34.04827" lon="18.36111">
    <ele>16.21</ele>
   </trkpt>
   <trkpt lat="-34.04844" lon="18.36109">
    <ele>17.94</ele>
   </trkpt>
   <trkpt lat="-34.048550000000006" lon="18.361130000000003">
    <ele>17.94</ele>
   </trkpt>
   <trkpt lat="-34.04867" lon="18.36126">
    <ele>18.860000000000003</ele>
   </trkpt>
   <trkpt lat="-34.04869" lon="18.36138">
    <ele>20.16</ele>
   </trkpt>
   <trkpt lat="-34.04867" lon="18.361800000000002">
    <ele>21.640000000000004</ele>
   </trkpt>
   <trkpt lat="-34.04871" lon="18.36202">
    <ele>23.24</ele>
   </trkpt>
   <trkpt lat="-34.04885" lon="18.36224">
    <ele>25.240000000000002</ele>
   </trkpt>
   <trkpt lat="-34.04898" lon="18.362360000000002">
    <ele>25.240000000000002</ele>
   </trkpt>
   <trkpt lat="-34.04916" lon="18.362470000000002">
    <ele>25.240000000000002</ele>
   </trkpt>
   <trkpt lat="-34.049490000000006" lon="18.3626">
    <ele>28.42</ele>
   </trkpt>
   <trkpt lat="-34.049640000000004" lon="18.362650000000002">
    <ele>28.62</ele>
   </trkpt>
   <trkpt lat="-34.0505" lon="18.362730000000003">
    <ele>32.629999999999995</ele>
   </trkpt>
   <trkpt lat="-34.05068" lon="18.36278">
    <ele>35.5</ele>
   </trkpt>
   <trkpt lat="-34.05082" lon="18.3629">
    <ele>36.050000000000004</ele>
   </trkpt>
   <trkpt lat="-34.05106" lon="18.36318">
    <ele>38.940000000000005</ele>
   </trkpt>
   <trkpt lat="-34.05145" lon="18.363310000000002">
    <ele>40.580000000000005</ele>
   </trkpt>
   <trkpt lat="-34.05216" lon="18.363500000000002">
    <ele>44.84</ele>
   </trkpt>
   <trkpt lat="-34.05252" lon="18.36361">
    <ele>46.720000000000006</ele>
   </trkpt>
   <trkpt lat="-34.0529" lon="18.36381">
    <ele>48.21</ele>
   </trkpt>
   <trkpt lat="-34.05326" lon="18.364050000000002">
    <ele>51.53000000000001</ele>
   </trkpt>
   <trkpt lat="-34.05373" lon="18.36449">
    <ele>55.81</ele>
   </trkpt>
   <trkpt lat="-34.05391" lon="18.36457">
    <ele>56.38</ele>
   </trkpt>
   <trkpt lat="-34.05427" lon="18.364600000000003">
    <ele>58.53</ele>
   </trkpt>
   <trkpt lat="-34.05442" lon="18.36466">
    <ele>59.260000000000005</ele>
   </trkpt>
   <trkpt lat="-34.05467" lon="18.36483">
    <ele>61.11000000000001</ele>
   </trkpt>
   <trkpt lat="-34.05476" lon="18.364880000000003">
    <ele>62.160000000000004</ele>
   </trkpt>
   <trkpt lat="-34.05512" lon="18.364910000000002">
    <ele>65.0</ele>
   </trkpt>
   <trkpt lat="-34.055170000000004" lon="18.364890000000003">
    <ele>65.09</ele>
   </trkpt>
   <trkpt lat="-34.055260000000004" lon="18.36485">
    <ele>65.13000000000001</ele>
   </trkpt>
   <trkpt lat="-34.05556" lon="18.36459">
    <ele>66.87</ele>
   </trkpt>
   <trkpt lat="-34.055640000000004" lon="18.36456">
    <ele>66.87</ele>
   </trkpt>
   <trkpt lat="-34.05572" lon="18.36459">
    <ele>66.87</ele>
   </trkpt>
   <trkpt lat="-34.05576" lon="18.364620000000002">
    <ele>68.46000000000001</ele>
   </trkpt>
   <trkpt lat="-34.055960000000006" lon="18.36495">
    <ele>69.41</ele>
   </trkpt>
   <trkpt lat="-34.05606" lon="18.36505">
    <ele>69.65</ele>
   </trkpt>
   <trkpt lat="-34.05626" lon="18.36512">
    <ele>70.32000000000001</ele>
   </trkpt>
   <trkpt lat="-34.05662" lon="18.3652">
    <ele>71.44</ele>
   </trkpt>
   <trkpt lat="-34.05673" lon="18.365270000000002">
    <ele>71.44</ele>
   </trkpt>
   <trkpt lat="-34.05684" lon="18.365450000000003">
    <ele>71.73</ele>
   </trkpt>
   <trkpt lat="-34.05722" lon="18.366290000000003">
    <ele>74.29</ele>
   </trkpt>
   <trkpt lat="-34.05738" lon="18.36646">
    <ele>74.29</ele>
   </trkpt>
   <trkpt lat="-34.05751" lon="18.36654">
    <ele>75.58000000000001</ele>
   </trkpt>
   <trkpt lat="-34.05778" lon="18.366600000000002">
    <ele>75.58000000000001</ele>
   </trkpt>
   <trkpt lat="-34.05823" lon="18.366480000000003">
    <ele>76.51</ele>
   </trkpt>
   <trkpt lat="-34.05847" lon="18.36652">
    <ele>77.06</ele>
   </trkpt>
   <trkpt lat="-34.0587" lon="18.366660000000003">
    <ele>77.80000000000001</ele>
   </trkpt>
   <trkpt lat="-34.05906" lon="18.367040000000003">
    <ele>79.34</ele>
   </trkpt>
   <trkpt lat="-34.05917" lon="18.36729">
    <ele>80.14</ele>
   </trkpt>
   <trkpt lat="-34.05923" lon="18.367600000000003">
    <ele>80.41000000000001</ele>
   </trkpt>
   <trkpt lat="-34.05921" lon="18.36792">
    <ele>80.57000000000001</ele>
   </trkpt>
   <trkpt lat="-34.05907500219054" lon="18.368660001324866">
    <ele>80.78</ele>
   </trkpt>
   <trkpt lat="-34.05894" lon="18.369400000000002">
    <ele>81.01</ele>
   </trkpt>
   <trkpt lat="-34.05894" lon="18.36952">
    <ele>81.08000000000001</ele>
   </trkpt>
   <trkpt lat="-34.05897" lon="18.36963">
    <ele>81.08000000000001</ele>
   </trkpt>
   <trkpt lat="-34.059050000000006" lon="18.369760000000003">
    <ele>81.26</ele>
   </trkpt>
   <trkpt lat="-34.05912" lon="18.3698">
    <ele>81.26</ele>
   </trkpt>
   <trkpt lat="-34.05921" lon="18.36981">
    <ele>81.37</ele>
   </trkpt>
   <trkpt lat="-34.05931" lon="18.369770000000003">
    <ele>81.37</ele>
   </trkpt>
   <trkpt lat="-34.05966" lon="18.36956">
    <ele>81.91000000000001</ele>
   </trkpt>
   <trkpt lat="-34.05979" lon="18.36952">
    <ele>82.15</ele>
   </trkpt>
   <trkpt lat="-34.05991" lon="18.36953">
    <ele>82.48</ele>
   </trkpt>
   <trkpt lat="-34.06002" lon="18.369580000000003">
    <ele>82.82000000000001</ele>
   </trkpt>
   <trkpt lat="-34.06015" lon="18.36975">
    <ele>84.46000000000001</ele>
   </trkpt>
   <trkpt lat="-34.0602" lon="18.3699">
    <ele>84.46000000000001</ele>
   </trkpt>
   <trkpt lat="-34.06025500161131" lon="18.370534999341242">
    <ele>86.26</ele>
   </trkpt>
   <trkpt lat="-34.06031" lon="18.371170000000003">
    <ele>88.17000000000002</ele>
   </trkpt>
   <trkpt lat="-34.06035" lon="18.37133">
    <ele>88.68</ele>
   </trkpt>
   <trkpt lat="-34.0604" lon="18.37144">
    <ele>88.85000000000001</ele>
   </trkpt>
   <trkpt lat="-34.06051" lon="18.37153">
    <ele>88.95</ele>
   </trkpt>
   <trkpt lat="-34.06058" lon="18.371560000000002">
    <ele>89.14000000000001</ele>
   </trkpt>
   <trkpt lat="-34.06069" lon="18.371570000000002">
    <ele>89.15</ele>
   </trkpt>
   <trkpt lat="-34.060750000000006" lon="18.371550000000003">
    <ele>89.15</ele>
   </trkpt>
   <trkpt lat="-34.06085" lon="18.37149">
    <ele>89.15</ele>
   </trkpt>
   <trkpt lat="-34.06114" lon="18.371190000000002">
    <ele>89.93</ele>
   </trkpt>
   <trkpt lat="-34.06132" lon="18.371090000000002">
    <ele>90.17000000000002</ele>
   </trkpt>
   <trkpt lat="-34.06147" lon="18.37104">
    <ele>90.48</ele>
   </trkpt>
   <trkpt lat="-34.06167" lon="18.37105">
    <ele>91.25000000000001</ele>
   </trkpt>
   <trkpt lat="-34.06244" lon="18.371280000000002">
    <ele>93.33000000000001</ele>
   </trkpt>
   <trkpt lat="-34.06288" lon="18.371570000000002">
    <ele>94.16000000000001</ele>
   </trkpt>
   <trkpt lat="-34.0632" lon="18.371830000000003">
    <ele>94.76</ele>
   </trkpt>
   <trkpt lat="-34.063370000000006" lon="18.37186">
    <ele>94.9</ele>
   </trkpt>
   <trkpt lat="-34.063610000000004" lon="18.372010000000003">
    <ele>94.87</ele>
   </trkpt>
   <trkpt lat="-34.06378" lon="18.37215">
    <ele>94.93</ele>
   </trkpt>
   <trkpt lat="-34.064040000000006" lon="18.372230000000002">
    <ele>95.06</ele>
   </trkpt>
   <trkpt lat="-34.064060000000005" lon="18.372230000000002">
    <ele>95.06</ele>
   </trkpt>
   <trkpt lat="-34.0642" lon="18.372230000000002">
    <ele>95.06</ele>
   </trkpt>
   <trkpt lat="-34.064350000000005" lon="18.37216">
    <ele>95.16000000000001</ele>
   </trkpt>
   <trkpt lat="-34.06443" lon="18.372120000000002">
    <ele>95.16000000000001</ele>
   </trkpt>
   <trkpt lat="-34.06458" lon="18.37199">
    <ele>95.23</ele>
   </trkpt>
   <trkpt lat="-34.06496" lon="18.371260000000003">
    <ele>96.10000000000001</ele>
   </trkpt>
   <trkpt lat="-34.06512" lon="18.371070000000003">
    <ele>96.73</ele>
   </trkpt>
   <trkpt lat="-34.06532" lon="18.37097">
    <ele>97.31</ele>
   </trkpt>
   <trkpt lat="-34.066190000000006" lon="18.37076">
    <ele>100.82000000000001</ele>
   </trkpt>
   <trkpt lat="-34.06646" lon="18.37065">
    <ele>101.66000000000001</ele>
   </trkpt>
   <trkpt lat="-34.06705" lon="18.37029">
    <ele>104.83</ele>
   </trkpt>
   <trkpt lat="-34.06772" lon="18.369860000000003">
    <ele>107.34</ele>
   </trkpt>
   <trkpt lat="-34.06803" lon="18.36971">
    <ele>107.78000000000002</ele>
   </trkpt>
   <trkpt lat="-34.06812" lon="18.369690000000002">
    <ele>107.86000000000001</ele>
   </trkpt>
   <trkpt lat="-34.06832" lon="18.3697">
    <ele>107.98</ele>
   </trkpt>
   <trkpt lat="-34.06893" lon="18.36983">
    <ele>108.19000000000001</ele>
   </trkpt>
   <trkpt lat="-34.06904" lon="18.36981">
    <ele>108.48</ele>
   </trkpt>
   <trkpt lat="-34.06913" lon="18.369770000000003">
    <ele>108.48</ele>
   </trkpt>
   <trkpt lat="-34.06964" lon="18.36945">
    <ele>108.9</ele>
   </trkpt>
   <trkpt lat="-34.06982" lon="18.36933">
    <ele>109.09</ele>
   </trkpt>
   <trkpt lat="-34.06989" lon="18.36926">
    <ele>109.58000000000001</ele>
   </trkpt>
   <trkpt lat="-34.07016000119432" lon="18.368755001307218">
    <ele>110.55000000000001</ele>
   </trkpt>
   <trkpt lat="-34.07043" lon="18.36825">
    <ele>111.62</ele>
   </trkpt>
   <trkpt lat="-34.07061" lon="18.368090000000002">
    <ele>112.01</ele>
   </trkpt>
   <trkpt lat="-34.07081" lon="18.367990000000002">
    <ele>112.28</ele>
   </trkpt>
   <trkpt lat="-34.07099" lon="18.367970000000003">
    <ele>112.95</ele>
   </trkpt>
   <trkpt lat="-34.07108" lon="18.367980000000003">
    <ele>113.22000000000001</ele>
   </trkpt>
   <trkpt lat="-34.07123" lon="18.36804">
    <ele>113.79000000000002</ele>
   </trkpt>
   <trkpt lat="-34.07137" lon="18.36813">
    <ele>113.79000000000002</ele>
   </trkpt>
   <trkpt lat="-34.0715" lon="18.368290000000002">
    <ele>114.0</ele>
   </trkpt>
   <trkpt lat="-34.07159" lon="18.36849">
    <ele>114.75</ele>
   </trkpt>
   <trkpt lat="-34.07166" lon="18.368730000000003">
    <ele>115.22</ele>
   </trkpt>
   <trkpt lat="-34.07173" lon="18.36886">
    <ele>115.96000000000001</ele>
   </trkpt>
   <trkpt lat="-34.07184" lon="18.368940000000002">
    <ele>116.18</ele>
   </trkpt>
   <trkpt lat="-34.07188" lon="18.36896">
    <ele>116.18</ele>
   </trkpt>
   <trkpt lat="-34.07199" lon="18.36895">
    <ele>116.57000000000001</ele>
   </trkpt>
   <trkpt lat="-34.07215" lon="18.36886">
    <ele>116.57000000000001</ele>
   </trkpt>
   <trkpt lat="-34.0722" lon="18.368740000000003">
    <ele>117.37000000000002</ele>
   </trkpt>
   <trkpt lat="-34.07226" lon="18.3685">
    <ele>117.37000000000002</ele>
   </trkpt>
   <trkpt lat="-34.07231" lon="18.368160000000003">
    <ele>118.04</ele>
   </trkpt>
   <trkpt lat="-34.07235" lon="18.367510000000003">
    <ele>119.69</ele>
   </trkpt>
   <trkpt lat="-34.0724" lon="18.36726">
    <ele>120.36</ele>
   </trkpt>
   <trkpt lat="-34.07253" lon="18.366970000000002">
    <ele>122.24000000000001</ele>
   </trkpt>
   <trkpt lat="-34.07265" lon="18.36679">
    <ele>123.03000000000002</ele>
   </trkpt>
   <trkpt lat="-34.0730950014816" lon="18.36619000311997">
    <ele>126.07000000000001</ele>
   </trkpt>
   <trkpt lat="-34.07354" lon="18.36559">
    <ele>130.34</ele>
   </trkpt>
   <trkpt lat="-34.07376" lon="18.36541">
    <ele>132.03</ele>
   </trkpt>
   <trkpt lat="-34.0739" lon="18.365360000000003">
    <ele>132.58</ele>
   </trkpt>
   <trkpt lat="-34.07441" lon="18.365250000000003">
    <ele>135.72</ele>
   </trkpt>
   <trkpt lat="-34.07461" lon="18.36514">
    <ele>137.46</ele>
   </trkpt>
   <trkpt lat="-34.07511" lon="18.36448">
    <ele>141.13</ele>
   </trkpt>
   <trkpt lat="-34.0754" lon="18.36426">
    <ele>143.37000000000003</ele>
   </trkpt>
   <trkpt lat="-34.07553" lon="18.36418">
    <ele>143.37000000000003</ele>
   </trkpt>
   <trkpt lat="-34.07569" lon="18.36412">
    <ele>144.41</ele>
   </trkpt>
   <trkpt lat="-34.07584" lon="18.36409">
    <ele>146.01</ele>
   </trkpt>
   <trkpt lat="-34.076" lon="18.36408">
    <ele>146.88</ele>
   </trkpt>
   <trkpt lat="-34.076705000105896" lon="18.364174999218616">
    <ele>150.58</ele>
   </trkpt>
   <trkpt lat="-34.07741" lon="18.36427">
    <ele>154.52</ele>
   </trkpt>
   <trkpt lat="-34.07755" lon="18.364250000000002">
    <ele>154.78</ele>
   </trkpt>
   <trkpt lat="-34.077650000000006" lon="18.3642">
    <ele>155.0</ele>
   </trkpt>
   <trkpt lat="-34.07781" lon="18.364050000000002">
    <ele>155.0</ele>
   </trkpt>
   <trkpt lat="-34.0779" lon="18.3639">
    <ele>155.93</ele>
   </trkpt>
   <trkpt lat="-34.07795" lon="18.36373">
    <ele>156.2</ele>
   </trkpt>
   <trkpt lat="-34.07801500319775" lon="18.36284000082381">
    <ele>157.44000000000003</ele>
   </trkpt>
   <trkpt lat="-34.07808" lon="18.36195">
    <ele>159.02</ele>
   </trkpt>
   <trkpt lat="-34.07804" lon="18.36164">
    <ele>159.76000000000002</ele>
   </trkpt>
   <trkpt lat="-34.07795" lon="18.3613">
    <ele>160.16000000000003</ele>
   </trkpt>
   <trkpt lat="-34.07779" lon="18.360570000000003">
    <ele>161.41000000000003</ele>
   </trkpt>
   <trkpt lat="-34.07772" lon="18.35998">
    <ele>162.14000000000001</ele>
   </trkpt>
   <trkpt lat="-34.07768" lon="18.35923">
    <ele>163.26000000000002</ele>
   </trkpt>
   <trkpt lat="-34.07769000122256" lon="18.35868000020666">
    <ele>164.32000000000002</ele>
   </trkpt>
   <trkpt lat="-34.0777" lon="18.358130000000003">
    <ele>165.17000000000002</ele>
   </trkpt>
   <trkpt lat="-34.07761" lon="18.35717">
    <ele>166.86</ele>
   </trkpt>
   <trkpt lat="-34.07766" lon="18.35695">
    <ele>167.15</ele>
   </trkpt>
   <trkpt lat="-34.07775" lon="18.356810000000003">
    <ele>167.26000000000002</ele>
   </trkpt>
   <trkpt lat="-34.07786" lon="18.35675">
    <ele>167.08</ele>
   </trkpt>
   <trkpt lat="-34.07804" lon="18.356740000000002">
    <ele>166.48000000000002</ele>
   </trkpt>
   <trkpt lat="-34.07837" lon="18.35667">
    <ele>164.66</ele>
   </trkpt>
   <trkpt lat="-34.07846" lon="18.35667">
    <ele>163.73000000000002</ele>
   </trkpt>
   <trkpt lat="-34.07858" lon="18.356720000000003">
    <ele>163.14000000000001</ele>
   </trkpt>
   <trkpt lat="-34.079" lon="18.35703">
    <ele>159.92000000000002</ele>
   </trkpt>
   <trkpt lat="-34.07934" lon="18.35744">
    <ele>157.15</ele>
   </trkpt>
   <trkpt lat="-34.07943" lon="18.3575">
    <ele>157.15</ele>
   </trkpt>
   <trkpt lat="-34.07969" lon="18.35762">
    <ele>155.33</ele>
   </trkpt>
   <trkpt lat="-34.0799" lon="18.357860000000002">
    <ele>153.32000000000002</ele>
   </trkpt>
   <trkpt lat="-34.08003" lon="18.35792">
    <ele>152.89000000000001</ele>
   </trkpt>
   <trkpt lat="-34.08012" lon="18.357930000000003">
    <ele>152.26</ele>
   </trkpt>
   <trkpt lat="-34.08048" lon="18.35778">
    <ele>149.47000000000003</ele>
   </trkpt>
   <trkpt lat="-34.08057" lon="18.35772">
    <ele>149.47000000000003</ele>
   </trkpt>
   <trkpt lat="-34.08095" lon="18.35726">
    <ele>145.63</ele>
   </trkpt>
   <trkpt lat="-34.08133" lon="18.35697">
    <ele>143.48000000000002</ele>
   </trkpt>
   <trkpt lat="-34.08149" lon="18.35688">
    <ele>142.74</ele>
   </trkpt>
   <trkpt lat="-34.08171" lon="18.356840000000002">
    <ele>141.6</ele>
   </trkpt>
   <trkpt lat="-34.08213" lon="18.356900000000003">
    <ele>138.3</ele>
   </trkpt>
   <trkpt lat="-34.08234" lon="18.35695">
    <ele>136.8</ele>
   </trkpt>
   <trkpt lat="-34.0826" lon="18.357100000000003">
    <ele>135.57000000000002</ele>
   </trkpt>
   <trkpt lat="-34.08272" lon="18.357120000000002">
    <ele>133.97</ele>
   </trkpt>
   <trkpt lat="-34.08285" lon="18.35706">
    <ele>133.97</ele>
   </trkpt>
   <trkpt lat="-34.083000000000006" lon="18.35688">
    <ele>131.68</ele>
   </trkpt>
   <trkpt lat="-34.0831" lon="18.35658">
    <ele>128.86</ele>
   </trkpt>
   <trkpt lat="-34.08321" lon="18.35649">
    <ele>128.86</ele>
   </trkpt>
   <trkpt lat="-34.08341" lon="18.356440000000003">
    <ele>127.34</ele>
   </trkpt>
   <trkpt lat="-34.0835" lon="18.356440000000003">
    <ele>127.34</ele>
   </trkpt>
   <trkpt lat="-34.08359" lon="18.356460000000002">
    <ele>125.76</ele>
   </trkpt>
   <trkpt lat="-34.08379" lon="18.356550000000002">
    <ele>125.76</ele>
   </trkpt>
   <trkpt lat="-34.08395" lon="18.356530000000003">
    <ele>123.10000000000001</ele>
   </trkpt>
   <trkpt lat="-34.08401" lon="18.35649">
    <ele>123.10000000000001</ele>
   </trkpt>
   <trkpt lat="-34.08406" lon="18.356430000000003">
    <ele>123.10000000000001</ele>
   </trkpt>
   <trkpt lat="-34.08424" lon="18.35603">
    <ele>121.22</ele>
   </trkpt>
   <trkpt lat="-34.08431" lon="18.35593">
    <ele>119.18</ele>
   </trkpt>
   <trkpt lat="-34.08449" lon="18.355790000000002">
    <ele>118.57000000000001</ele>
   </trkpt>
   <trkpt lat="-34.0846" lon="18.35575">
    <ele>117.15</ele>
   </trkpt>
   <trkpt lat="-34.08507" lon="18.355780000000003">
    <ele>113.66000000000001</ele>
   </trkpt>
   <trkpt lat="-34.08551" lon="18.35563">
    <ele>110.09</ele>
   </trkpt>
   <trkpt lat="-34.08576" lon="18.35564">
    <ele>107.61000000000001</ele>
   </trkpt>
   <trkpt lat="-34.08587" lon="18.355600000000003">
    <ele>107.00000000000001</ele>
   </trkpt>
   <trkpt lat="-34.08596" lon="18.35553">
    <ele>106.47000000000001</ele>
   </trkpt>
   <trkpt lat="-34.0861" lon="18.35525">
    <ele>105.01</ele>
   </trkpt>
   <trkpt lat="-34.08616" lon="18.355210000000003">
    <ele>104.39000000000001</ele>
   </trkpt>
   <trkpt lat="-34.08628" lon="18.355220000000003">
    <ele>104.39000000000001</ele>
   </trkpt>
   <trkpt lat="-34.08634" lon="18.35527">
    <ele>103.04</ele>
   </trkpt>
   <trkpt lat="-34.08666" lon="18.35557">
    <ele>100.76</ele>
   </trkpt>
   <trkpt lat="-34.086940000000006" lon="18.35575">
    <ele>99.53</ele>
   </trkpt>
   <trkpt lat="-34.08719" lon="18.35611">
    <ele>96.62</ele>
   </trkpt>
   <trkpt lat="-34.08733" lon="18.356170000000002">
    <ele>95.47000000000001</ele>
   </trkpt>
   <trkpt lat="-34.087410000000006" lon="18.356160000000003">
    <ele>95.47000000000001</ele>
   </trkpt>
   <trkpt lat="-34.08773" lon="18.355980000000002">
    <ele>92.31</ele>
   </trkpt>
   <trkpt lat="-34.08831" lon="18.355800000000002">
    <ele>88.81000000000002</ele>
   </trkpt>
   <trkpt lat="-34.0884" lon="18.35574">
    <ele>88.81000000000002</ele>
   </trkpt>
   <trkpt lat="-34.08851" lon="18.355590000000003">
    <ele>86.34000000000002</ele>
   </trkpt>
   <trkpt lat="-34.08872" lon="18.355210000000003">
    <ele>83.74000000000001</ele>
   </trkpt>
   <trkpt lat="-34.08899" lon="18.35445">
    <ele>80.49000000000001</ele>
   </trkpt>
   <trkpt lat="-34.08914500131465" lon="18.35387000124152">
    <ele>78.29</ele>
   </trkpt>
   <trkpt lat="-34.0893" lon="18.35329">
    <ele>76.82</ele>
   </trkpt>
   <trkpt lat="-34.0893" lon="18.353080000000002">
    <ele>76.81</ele>
   </trkpt>
   <trkpt lat="-34.08925" lon="18.35281">
    <ele>77.14</ele>
   </trkpt>
   <trkpt lat="-34.0893" lon="18.35257">
    <ele>77.4</ele>
   </trkpt>
   <trkpt lat="-34.08939" lon="18.35244">
    <ele>77.46</ele>
   </trkpt>
   <trkpt lat="-34.089870000000005" lon="18.352050000000002">
    <ele>76.82</ele>
   </trkpt>
   <trkpt lat="-34.09006" lon="18.35192">
    <ele>76.61000000000001</ele>
   </trkpt>
   <trkpt lat="-34.09064" lon="18.35124">
    <ele>76.64</ele>
   </trkpt>
   <trkpt lat="-34.09075" lon="18.35113">
    <ele>76.64</ele>
   </trkpt>
   <trkpt lat="-34.09093" lon="18.350990000000003">
    <ele>76.63</ele>
   </trkpt>
   <trkpt lat="-34.09116" lon="18.35093">
    <ele>76.45</ele>
   </trkpt>
   <trkpt lat="-34.09154" lon="18.35087">
    <ele>75.58000000000001</ele>
   </trkpt>
   <trkpt lat="-34.09178" lon="18.350910000000002">
    <ele>74.84</ele>
   </trkpt>
   <trkpt lat="-34.09219" lon="18.35115">
    <ele>72.74</ele>
   </trkpt>
   <trkpt lat="-34.09261" lon="18.35152">
    <ele>70.44</ele>
   </trkpt>
   <trkpt lat="-34.09295" lon="18.35188">
    <ele>67.86</ele>
   </trkpt>
   <trkpt lat="-34.09339" lon="18.35226">
    <ele>65.23</ele>
   </trkpt>
   <trkpt lat="-34.0942" lon="18.352710000000002">
    <ele>60.79</ele>
   </trkpt>
   <trkpt lat="-34.09429" lon="18.35282">
    <ele>60.620000000000005</ele>
   </trkpt>
   <trkpt lat="-34.0944" lon="18.3531">
    <ele>60.46000000000001</ele>
   </trkpt>
   <trkpt lat="-34.09463" lon="18.35331">
    <ele>60.300000000000004</ele>
   </trkpt>
   <trkpt lat="-34.09492" lon="18.35369">
    <ele>60.60000000000001</ele>
   </trkpt>
   <trkpt lat="-34.095110000000005" lon="18.35384">
    <ele>61.61000000000001</ele>
   </trkpt>
   <trkpt lat="-34.09534" lon="18.354000000000003">
    <ele>62.730000000000004</ele>
   </trkpt>
   <trkpt lat="-34.09559" lon="18.354200000000002">
    <ele>64.03999999999999</ele>
   </trkpt>
   <trkpt lat="-34.09572" lon="18.35436">
    <ele>64.03999999999999</ele>
   </trkpt>
   <trkpt lat="-34.09583" lon="18.354660000000003">
    <ele>66.59</ele>
   </trkpt>
   <trkpt lat="-34.09583" lon="18.354670000000002">
    <ele>66.64</ele>
   </trkpt>
   <trkpt lat="-34.09581000176561" lon="18.355330000124063">
    <ele>69.46000000000001</ele>
   </trkpt>
   <trkpt lat="-34.09579" lon="18.355990000000002">
    <ele>73.51</ele>
   </trkpt>
   <trkpt lat="-34.095850000000006" lon="18.3561">
    <ele>73.51</ele>
   </trkpt>
   <trkpt lat="-34.09604" lon="18.3564">
    <ele>73.68</ele>
   </trkpt>
   <trkpt lat="-34.09608" lon="18.356640000000002">
    <ele>75.9</ele>
   </trkpt>
   <trkpt lat="-34.09604" lon="18.356900000000003">
    <ele>77.77000000000001</ele>
   </trkpt>
   <trkpt lat="-34.095905001689985" lon="18.35754000087541">
    <ele>79.74000000000001</ele>
   </trkpt>
   <trkpt lat="-34.09577" lon="18.35818">
    <ele>82.79</ele>
   </trkpt>
   <trkpt lat="-34.0957" lon="18.35838">
    <ele>84.18</ele>
   </trkpt>
   <trkpt lat="-34.09557" lon="18.358590000000003">
    <ele>85.27000000000001</ele>
   </trkpt>
   <trkpt lat="-34.09545" lon="18.359150000000003">
    <ele>88.69</ele>
   </trkpt>
   <trkpt lat="-34.09534" lon="18.35952">
    <ele>90.07000000000001</ele>
   </trkpt>
   <trkpt lat="-34.09521" lon="18.359810000000003">
    <ele>91.4</ele>
   </trkpt>
   <trkpt lat="-34.09519" lon="18.35999">
    <ele>91.84</ele>
   </trkpt>
   <trkpt lat="-34.09525" lon="18.36013">
    <ele>91.92</ele>
   </trkpt>
   <trkpt lat="-34.09534" lon="18.360190000000003">
    <ele>91.95</ele>
   </trkpt>
   <trkpt lat="-34.09543" lon="18.360210000000002">
    <ele>91.93</ele>
   </trkpt>
   <trkpt lat="-34.09566" lon="18.36017">
    <ele>91.36000000000001</ele>
   </trkpt>
   <trkpt lat="-34.09579" lon="18.360210000000002">
    <ele>90.83000000000001</ele>
   </trkpt>
   <trkpt lat="-34.0959" lon="18.36035">
    <ele>90.41</ele>
   </trkpt>
   <trkpt lat="-34.09595" lon="18.36053">
    <ele>88.65</ele>
   </trkpt>
   <trkpt lat="-34.09601" lon="18.360950000000003">
    <ele>88.65</ele>
   </trkpt>
   <trkpt lat="-34.09595500279891" lon="18.361780000416594">
    <ele>84.2</ele>
   </trkpt>
   <trkpt lat="-34.0959" lon="18.36261">
    <ele>80.30000000000001</ele>
   </trkpt>
   <trkpt lat="-34.09597" lon="18.36296">
    <ele>80.30000000000001</ele>
   </trkpt>
   <trkpt lat="-34.09621" lon="18.36332">
    <ele>78.15</ele>
   </trkpt>
   <trkpt lat="-34.09626" lon="18.36352">
    <ele>76.62</ele>
   </trkpt>
   <trkpt lat="-34.09628" lon="18.363680000000002">
    <ele>76.62</ele>
   </trkpt>
   <trkpt lat="-34.09626" lon="18.36409">
    <ele>75.03</ele>
   </trkpt>
   <trkpt lat="-34.09642" lon="18.364520000000002">
    <ele>73.49</ele>
   </trkpt>
   <trkpt lat="-34.09644" lon="18.364720000000002">
    <ele>71.52</ele>
   </trkpt>
   <trkpt lat="-34.09644" lon="18.36496">
    <ele>71.52</ele>
   </trkpt>
   <trkpt lat="-34.096250000000005" lon="18.36589">
    <ele>68.47</ele>
   </trkpt>
   <trkpt lat="-34.09628" lon="18.366190000000003">
    <ele>67.37</ele>
   </trkpt>
   <trkpt lat="-34.09641500174894" lon="18.366849998870453">
    <ele>64.36</ele>
   </trkpt>
   <trkpt lat="-34.09655" lon="18.367510000000003">
    <ele>62.35</ele>
   </trkpt>
   <trkpt lat="-34.09657" lon="18.36774">
    <ele>61.800000000000004</ele>
   </trkpt>
   <trkpt lat="-34.09651" lon="18.368180000000002">
    <ele>60.010000000000005</ele>
   </trkpt>
   <trkpt lat="-34.09653" lon="18.368460000000002">
    <ele>58.910000000000004</ele>
   </trkpt>
   <trkpt lat="-34.0966" lon="18.36868">
    <ele>57.92</ele>
   </trkpt>
   <trkpt lat="-34.096845001691484" lon="18.36932999806507">
    <ele>55.330000000000005</ele>
   </trkpt>
   <trkpt lat="-34.09709" lon="18.36998">
    <ele>50.03</ele>
   </trkpt>
   <trkpt lat="-34.097120000000004" lon="18.37027">
    <ele>48.59</ele>
   </trkpt>
   <trkpt lat="-34.09713" lon="18.370420000000003">
    <ele>47.23</ele>
   </trkpt>
   <trkpt lat="-34.09711" lon="18.37075">
    <ele>46.57000000000001</ele>
   </trkpt>
   <trkpt lat="-34.096880000000006" lon="18.37159">
    <ele>40.120000000000005</ele>
   </trkpt>
   <trkpt lat="-34.09672000165097" lon="18.372225001131152">
    <ele>35.99</ele>
   </trkpt>
   <trkpt lat="-34.096560000000004" lon="18.372860000000003">
    <ele>32.42</ele>
   </trkpt>
   <trkpt lat="-34.09655" lon="18.37347">
    <ele>29.69</ele>
   </trkpt>
   <trkpt lat="-34.0966" lon="18.37393">
    <ele>28.790000000000003</ele>
   </trkpt>
   <trkpt lat="-34.09673" lon="18.37449">
    <ele>28.520000000000003</ele>
   </trkpt>
   <trkpt lat="-34.09694000234984" lon="18.37524999815019">
    <ele>30.04</ele>
   </trkpt>
   <trkpt lat="-34.097150000000006" lon="18.37601">
    <ele>31.6</ele>
   </trkpt>
   <trkpt lat="-34.09698" lon="18.37613">
    <ele>33.080000000000005</ele>
   </trkpt>
   <trkpt lat="-34.09691" lon="18.37622">
    <ele>33.550000000000004</ele>
   </trkpt>
   <trkpt lat="-34.09675" lon="18.37647">
    <ele>35.120000000000005</ele>
   </trkpt>
   <trkpt lat="-34.09666" lon="18.37674">
    <ele>35.63</ele>
   </trkpt>
   <trkpt lat="-34.096590000000006" lon="18.377170000000003">
    <ele>36.68000000000001</ele>
   </trkpt>
   <trkpt lat="-34.09677" lon="18.37724">
    <ele>36.54</ele>
   </trkpt>
   <trkpt lat="-34.09687" lon="18.37751">
    <ele>36.45</ele>
   </trkpt>
   <trkpt lat="-34.09677" lon="18.37724">
    <ele>36.54</ele>
   </trkpt>
   <trkpt lat="-34.096590000000006" lon="18.377170000000003">
    <ele>36.68000000000001</ele>
   </trkpt>
   <trkpt lat="-34.09666" lon="18.37674">
    <ele>35.63</ele>
   </trkpt>
   <trkpt lat="-34.09675" lon="18.37647">
    <ele>33.97</ele>
   </trkpt>
   <trkpt lat="-34.09691" lon="18.37622">
    <ele>33.080000000000005</ele>
   </trkpt>
   <trkpt lat="-34.09698" lon="18.37613">
    <ele>33.080000000000005</ele>
   </trkpt>
   <trkpt lat="-34.097150000000006" lon="18.37601">
    <ele>31.6</ele>
   </trkpt>
   <trkpt lat="-34.09694000233" lon="18.375249998078335">
    <ele>30.04</ele>
   </trkpt>
   <trkpt lat="-34.09673" lon="18.37449">
    <ele>28.520000000000003</ele>
   </trkpt>
   <trkpt lat="-34.0966" lon="18.37393">
    <ele>28.790000000000003</ele>
   </trkpt>
   <trkpt lat="-34.09655" lon="18.37347">
    <ele>29.880000000000003</ele>
   </trkpt>
   <trkpt lat="-34.096560000000004" lon="18.372860000000003">
    <ele>32.42</ele>
   </trkpt>
   <trkpt lat="-34.096720001616056" lon="18.372225001269726">
    <ele>36.95</ele>
   </trkpt>
   <trkpt lat="-34.096880000000006" lon="18.37159">
    <ele>40.120000000000005</ele>
   </trkpt>
   <trkpt lat="-34.09711" lon="18.37075">
    <ele>46.57000000000001</ele>
   </trkpt>
   <trkpt lat="-34.09713" lon="18.370420000000003">
    <ele>47.23</ele>
   </trkpt>
   <trkpt lat="-34.097120000000004" lon="18.37027">
    <ele>48.59</ele>
   </trkpt>
   <trkpt lat="-34.09709" lon="18.36998">
    <ele>50.03</ele>
   </trkpt>
   <trkpt lat="-34.096845001731694" lon="18.36932999817174">
    <ele>55.330000000000005</ele>
   </trkpt>
   <trkpt lat="-34.0966" lon="18.36868">
    <ele>57.92</ele>
   </trkpt>
   <trkpt lat="-34.09653" lon="18.368460000000002">
    <ele>58.910000000000004</ele>
   </trkpt>
   <trkpt lat="-34.09651" lon="18.368180000000002">
    <ele>60.010000000000005</ele>
   </trkpt>
   <trkpt lat="-34.09657" lon="18.36774">
    <ele>61.800000000000004</ele>
   </trkpt>
   <trkpt lat="-34.09655" lon="18.367510000000003">
    <ele>62.35</ele>
   </trkpt>
   <trkpt lat="-34.09641500178038" lon="18.36684999902409">
    <ele>64.36</ele>
   </trkpt>
   <trkpt lat="-34.09628" lon="18.366190000000003">
    <ele>67.37</ele>
   </trkpt>
   <trkpt lat="-34.096250000000005" lon="18.36589">
    <ele>68.47</ele>
   </trkpt>
   <trkpt lat="-34.09644" lon="18.36496">
    <ele>71.52</ele>
   </trkpt>
   <trkpt lat="-34.09644" lon="18.364720000000002">
    <ele>73.49</ele>
   </trkpt>
   <trkpt lat="-34.09642" lon="18.364520000000002">
    <ele>73.49</ele>
   </trkpt>
   <trkpt lat="-34.09626" lon="18.36409">
    <ele>75.03</ele>
   </trkpt>
   <trkpt lat="-34.09628" lon="18.363680000000002">
    <ele>76.62</ele>
   </trkpt>
   <trkpt lat="-34.09626" lon="18.36352">
    <ele>76.62</ele>
   </trkpt>
   <trkpt lat="-34.09621" lon="18.36332">
    <ele>78.15</ele>
   </trkpt>
   <trkpt lat="-34.09597" lon="18.36296">
    <ele>80.30000000000001</ele>
   </trkpt>
   <trkpt lat="-34.0959" lon="18.36261">
    <ele>80.30000000000001</ele>
   </trkpt>
   <trkpt lat="-34.09595500278264" lon="18.36178000066211">
    <ele>84.2</ele>
   </trkpt>
   <trkpt lat="-34.09601" lon="18.360950000000003">
    <ele>88.65</ele>
   </trkpt>
   <trkpt lat="-34.09595" lon="18.36053">
    <ele>88.65</ele>
   </trkpt>
   <trkpt lat="-34.0959" lon="18.36035">
    <ele>90.41</ele>
   </trkpt>
   <trkpt lat="-34.09579" lon="18.360210000000002">
    <ele>90.83000000000001</ele>
   </trkpt>
   <trkpt lat="-34.09566" lon="18.36017">
    <ele>91.36000000000001</ele>
   </trkpt>
   <trkpt lat="-34.09543" lon="18.360210000000002">
    <ele>91.93</ele>
   </trkpt>
   <trkpt lat="-34.09534" lon="18.360190000000003">
    <ele>91.92</ele>
   </trkpt>
   <trkpt lat="-34.09525" lon="18.36013">
    <ele>91.92</ele>
   </trkpt>
   <trkpt lat="-34.09519" lon="18.35999">
    <ele>91.74</ele>
   </trkpt>
   <trkpt lat="-34.09521" lon="18.359810000000003">
    <ele>91.4</ele>
   </trkpt>
   <trkpt lat="-34.09534" lon="18.35952">
    <ele>90.07000000000001</ele>
   </trkpt>
   <trkpt lat="-34.09545" lon="18.359150000000003">
    <ele>88.69</ele>
   </trkpt>
   <trkpt lat="-34.09557" lon="18.358590000000003">
    <ele>85.27000000000001</ele>
   </trkpt>
   <trkpt lat="-34.0957" lon="18.35838">
    <ele>84.18</ele>
   </trkpt>
   <trkpt lat="-34.09577" lon="18.35818">
    <ele>82.79</ele>
   </trkpt>
   <trkpt lat="-34.09590500162864" lon="18.35754000116622">
    <ele>79.74000000000001</ele>
   </trkpt>
   <trkpt lat="-34.09604" lon="18.356900000000003">
    <ele>77.77000000000001</ele>
   </trkpt>
   <trkpt lat="-34.09608" lon="18.356640000000002">
    <ele>75.9</ele>
   </trkpt>
   <trkpt lat="-34.09604" lon="18.3564">
    <ele>73.68</ele>
   </trkpt>
   <trkpt lat="-34.095850000000006" lon="18.3561">
    <ele>73.51</ele>
   </trkpt>
   <trkpt lat="-34.09579" lon="18.355990000000002">
    <ele>73.51</ele>
   </trkpt>
   <trkpt lat="-34.09581000176367" lon="18.355330000187852">
    <ele>69.46000000000001</ele>
   </trkpt>
   <trkpt lat="-34.09583" lon="18.354670000000002">
    <ele>65.96000000000001</ele>
   </trkpt>
   <trkpt lat="-34.09572" lon="18.35436">
    <ele>64.03999999999999</ele>
   </trkpt>
   <trkpt lat="-34.09559" lon="18.354200000000002">
    <ele>64.03999999999999</ele>
   </trkpt>
   <trkpt lat="-34.09534" lon="18.354000000000003">
    <ele>62.35</ele>
   </trkpt>
   <trkpt lat="-34.095110000000005" lon="18.35384">
    <ele>61.61000000000001</ele>
   </trkpt>
   <trkpt lat="-34.09492" lon="18.35369">
    <ele>60.60000000000001</ele>
   </trkpt>
   <trkpt lat="-34.09463" lon="18.35331">
    <ele>60.300000000000004</ele>
   </trkpt>
   <trkpt lat="-34.0944" lon="18.3531">
    <ele>60.46000000000001</ele>
   </trkpt>
   <trkpt lat="-34.09429" lon="18.35282">
    <ele>60.620000000000005</ele>
   </trkpt>
   <trkpt lat="-34.0942" lon="18.352710000000002">
    <ele>60.79</ele>
   </trkpt>
   <trkpt lat="-34.09339" lon="18.35226">
    <ele>65.23</ele>
   </trkpt>
   <trkpt lat="-34.09295" lon="18.35188">
    <ele>67.86</ele>
   </trkpt>
   <trkpt lat="-34.09261" lon="18.35152">
    <ele>70.44</ele>
   </trkpt>
   <trkpt lat="-34.09219" lon="18.35115">
    <ele>72.74</ele>
   </trkpt>
   <trkpt lat="-34.09178" lon="18.350900000000003">
    <ele>74.58000000000001</ele>
   </trkpt>
   <trkpt lat="-34.09154" lon="18.35087">
    <ele>75.58000000000001</ele>
   </trkpt>
   <trkpt lat="-34.09116" lon="18.35093">
    <ele>76.45</ele>
   </trkpt>
   <trkpt lat="-34.09093" lon="18.350990000000003">
    <ele>76.63</ele>
   </trkpt>
   <trkpt lat="-34.09075" lon="18.35113">
    <ele>76.64</ele>
   </trkpt>
   <trkpt lat="-34.09064" lon="18.35124">
    <ele>76.64</ele>
   </trkpt>
   <trkpt lat="-34.09006" lon="18.35192">
    <ele>76.61000000000001</ele>
   </trkpt>
   <trkpt lat="-34.089870000000005" lon="18.352050000000002">
    <ele>76.82</ele>
   </trkpt>
   <trkpt lat="-34.08939" lon="18.35244">
    <ele>77.46</ele>
   </trkpt>
   <trkpt lat="-34.0893" lon="18.35257">
    <ele>77.4</ele>
   </trkpt>
   <trkpt lat="-34.08925" lon="18.35281">
    <ele>77.14</ele>
   </trkpt>
   <trkpt lat="-34.0893" lon="18.353080000000002">
    <ele>76.81</ele>
   </trkpt>
   <trkpt lat="-34.0893" lon="18.35329">
    <ele>76.82</ele>
   </trkpt>
   <trkpt lat="-34.08914500141065" lon="18.353870000882267">
    <ele>78.29</ele>
   </trkpt>
   <trkpt lat="-34.08899" lon="18.35445">
    <ele>80.49000000000001</ele>
   </trkpt>
   <trkpt lat="-34.08872" lon="18.355210000000003">
    <ele>83.74000000000001</ele>
   </trkpt>
   <trkpt lat="-34.08851" lon="18.355590000000003">
    <ele>86.34000000000002</ele>
   </trkpt>
   <trkpt lat="-34.0884" lon="18.35574">
    <ele>88.81000000000002</ele>
   </trkpt>
   <trkpt lat="-34.08831" lon="18.355800000000002">
    <ele>88.81000000000002</ele>
   </trkpt>
   <trkpt lat="-34.08773" lon="18.355980000000002">
    <ele>92.31</ele>
   </trkpt>
   <trkpt lat="-34.087410000000006" lon="18.356160000000003">
    <ele>95.47000000000001</ele>
   </trkpt>
   <trkpt lat="-34.08733" lon="18.356170000000002">
    <ele>95.47000000000001</ele>
   </trkpt>
   <trkpt lat="-34.08719" lon="18.35611">
    <ele>96.62</ele>
   </trkpt>
   <trkpt lat="-34.086940000000006" lon="18.35575">
    <ele>99.53</ele>
   </trkpt>
   <trkpt lat="-34.08666" lon="18.35557">
    <ele>100.76</ele>
   </trkpt>
   <trkpt lat="-34.08634" lon="18.35527">
    <ele>103.04</ele>
   </trkpt>
   <trkpt lat="-34.08628" lon="18.355220000000003">
    <ele>103.04</ele>
   </trkpt>
   <trkpt lat="-34.08616" lon="18.355210000000003">
    <ele>104.39000000000001</ele>
   </trkpt>
   <trkpt lat="-34.0861" lon="18.35525">
    <ele>105.01</ele>
   </trkpt>
   <trkpt lat="-34.08596" lon="18.35553">
    <ele>106.47000000000001</ele>
   </trkpt>
   <trkpt lat="-34.08587" lon="18.355600000000003">
    <ele>107.00000000000001</ele>
   </trkpt>
   <trkpt lat="-34.08576" lon="18.35564">
    <ele>107.61000000000001</ele>
   </trkpt>
   <trkpt lat="-34.08551" lon="18.35563">
    <ele>110.09</ele>
   </trkpt>
   <trkpt lat="-34.08507" lon="18.355780000000003">
    <ele>112.95</ele>
   </trkpt>
   <trkpt lat="-34.0846" lon="18.35575">
    <ele>117.15</ele>
   </trkpt>
   <trkpt lat="-34.08449" lon="18.355790000000002">
    <ele>117.88000000000001</ele>
   </trkpt>
   <trkpt lat="-34.08431" lon="18.35593">
    <ele>119.18</ele>
   </trkpt>
   <trkpt lat="-34.08424" lon="18.35603">
    <ele>121.22</ele>
   </trkpt>
   <trkpt lat="-34.08406" lon="18.356430000000003">
    <ele>123.10000000000001</ele>
   </trkpt>
   <trkpt lat="-34.08401" lon="18.35649">
    <ele>123.10000000000001</ele>
   </trkpt>
   <trkpt lat="-34.08395" lon="18.356530000000003">
    <ele>123.10000000000001</ele>
   </trkpt>
   <trkpt lat="-34.08379" lon="18.356550000000002">
    <ele>125.76</ele>
   </trkpt>
   <trkpt lat="-34.08359" lon="18.356460000000002">
    <ele>125.76</ele>
   </trkpt>
   <trkpt lat="-34.0835" lon="18.356440000000003">
    <ele>127.34</ele>
   </trkpt>
   <trkpt lat="-34.08341" lon="18.356440000000003">
    <ele>127.34</ele>
   </trkpt>
   <trkpt lat="-34.08321" lon="18.35649">
    <ele>128.86</ele>
   </trkpt>
   <trkpt lat="-34.0831" lon="18.35658">
    <ele>128.86</ele>
   </trkpt>
   <trkpt lat="-34.083000000000006" lon="18.35688">
    <ele>131.68</ele>
   </trkpt>
   <trkpt lat="-34.08285" lon="18.35706">
    <ele>133.97</ele>
   </trkpt>
   <trkpt lat="-34.08272" lon="18.357120000000002">
    <ele>133.97</ele>
   </trkpt>
   <trkpt lat="-34.0826" lon="18.357100000000003">
    <ele>135.57000000000002</ele>
   </trkpt>
   <trkpt lat="-34.08234" lon="18.35695">
    <ele>136.8</ele>
   </trkpt>
   <trkpt lat="-34.08213" lon="18.356900000000003">
    <ele>138.3</ele>
   </trkpt>
   <trkpt lat="-34.08171" lon="18.356840000000002">
    <ele>141.6</ele>
   </trkpt>
   <trkpt lat="-34.08149" lon="18.35688">
    <ele>142.74</ele>
   </trkpt>
   <trkpt lat="-34.08133" lon="18.35697">
    <ele>143.48000000000002</ele>
   </trkpt>
   <trkpt lat="-34.08095" lon="18.35726">
    <ele>145.63</ele>
   </trkpt>
   <trkpt lat="-34.08057" lon="18.35772">
    <ele>149.47000000000003</ele>
   </trkpt>
   <trkpt lat="-34.08048" lon="18.35778">
    <ele>149.47000000000003</ele>
   </trkpt>
   <trkpt lat="-34.08012" lon="18.357930000000003">
    <ele>152.26</ele>
   </trkpt>
   <trkpt lat="-34.08003" lon="18.35792">
    <ele>152.89000000000001</ele>
   </trkpt>
   <trkpt lat="-34.0799" lon="18.357860000000002">
    <ele>153.32000000000002</ele>
   </trkpt>
   <trkpt lat="-34.07969" lon="18.35762">
    <ele>155.33</ele>
   </trkpt>
   <trkpt lat="-34.07943" lon="18.3575">
    <ele>157.15</ele>
   </trkpt>
   <trkpt lat="-34.07934" lon="18.35744">
    <ele>157.15</ele>
   </trkpt>
   <trkpt lat="-34.079" lon="18.35703">
    <ele>159.92000000000002</ele>
   </trkpt>
   <trkpt lat="-34.07858" lon="18.356720000000003">
    <ele>163.14000000000001</ele>
   </trkpt>
   <trkpt lat="-34.07846" lon="18.35667">
    <ele>163.73000000000002</ele>
   </trkpt>
   <trkpt lat="-34.07837" lon="18.35667">
    <ele>164.66</ele>
   </trkpt>
   <trkpt lat="-34.07804" lon="18.356740000000002">
    <ele>166.48000000000002</ele>
   </trkpt>
   <trkpt lat="-34.07786" lon="18.35675">
    <ele>167.08</ele>
   </trkpt>
   <trkpt lat="-34.07775" lon="18.356810000000003">
    <ele>167.26000000000002</ele>
   </trkpt>
   <trkpt lat="-34.07766" lon="18.35695">
    <ele>167.15</ele>
   </trkpt>
   <trkpt lat="-34.07761" lon="18.35717">
    <ele>166.86</ele>
   </trkpt>
   <trkpt lat="-34.0777" lon="18.358130000000003">
    <ele>165.17000000000002</ele>
   </trkpt>
   <trkpt lat="-34.07769000122771" lon="18.358679999923215">
    <ele>164.32000000000002</ele>
   </trkpt>
   <trkpt lat="-34.07768" lon="18.35923">
    <ele>163.26000000000002</ele>
   </trkpt>
   <trkpt lat="-34.07772" lon="18.35998">
    <ele>162.14000000000001</ele>
   </trkpt>
   <trkpt lat="-34.07779" lon="18.360570000000003">
    <ele>161.41000000000003</ele>
   </trkpt>
   <trkpt lat="-34.07795" lon="18.3613">
    <ele>160.16000000000003</ele>
   </trkpt>
   <trkpt lat="-34.07804" lon="18.36164">
    <ele>159.76000000000002</ele>
   </trkpt>
   <trkpt lat="-34.07808" lon="18.36195">
    <ele>159.02</ele>
   </trkpt>
   <trkpt lat="-34.07801500321832" lon="18.36284000054226">
    <ele>157.44000000000003</ele>
   </trkpt>
   <trkpt lat="-34.07795" lon="18.36373">
    <ele>156.2</ele>
   </trkpt>
   <trkpt lat="-34.0779" lon="18.3639">
    <ele>155.93</ele>
   </trkpt>
   <trkpt lat="-34.07781" lon="18.364050000000002">
    <ele>155.93</ele>
   </trkpt>
   <trkpt lat="-34.077650000000006" lon="18.3642">
    <ele>155.0</ele>
   </trkpt>
   <trkpt lat="-34.07755" lon="18.364250000000002">
    <ele>154.78</ele>
   </trkpt>
   <trkpt lat="-34.07741" lon="18.36427">
    <ele>154.52</ele>
   </trkpt>
   <trkpt lat="-34.0767049999672" lon="18.364174999199918">
    <ele>150.58</ele>
   </trkpt>
   <trkpt lat="-34.076" lon="18.36408">
    <ele>146.88</ele>
   </trkpt>
   <trkpt lat="-34.07584" lon="18.36409">
    <ele>146.01</ele>
   </trkpt>
   <trkpt lat="-34.07569" lon="18.36412">
    <ele>144.41</ele>
   </trkpt>
   <trkpt lat="-34.07553" lon="18.36418">
    <ele>143.37000000000003</ele>
   </trkpt>
   <trkpt lat="-34.0754" lon="18.36426">
    <ele>143.37000000000003</ele>
   </trkpt>
   <trkpt lat="-34.07511" lon="18.36448">
    <ele>141.13</ele>
   </trkpt>
   <trkpt lat="-34.07461" lon="18.36514">
    <ele>137.46</ele>
   </trkpt>
   <trkpt lat="-34.07441" lon="18.365250000000003">
    <ele>135.72</ele>
   </trkpt>
   <trkpt lat="-34.0739" lon="18.365360000000003">
    <ele>132.58</ele>
   </trkpt>
   <trkpt lat="-34.07376" lon="18.36541">
    <ele>132.03</ele>
   </trkpt>
   <trkpt lat="-34.07354" lon="18.36559">
    <ele>130.34</ele>
   </trkpt>
   <trkpt lat="-34.07309500143425" lon="18.36619000318381">
    <ele>126.07000000000001</ele>
   </trkpt>
   <trkpt lat="-34.07265" lon="18.36679">
    <ele>123.03000000000002</ele>
   </trkpt>
   <trkpt lat="-34.07253" lon="18.366970000000002">
    <ele>122.24000000000001</ele>
   </trkpt>
   <trkpt lat="-34.0724" lon="18.36726">
    <ele>120.36</ele>
   </trkpt>
   <trkpt lat="-34.07235" lon="18.367510000000003">
    <ele>119.69</ele>
   </trkpt>
   <trkpt lat="-34.07231" lon="18.368160000000003">
    <ele>118.04</ele>
   </trkpt>
   <trkpt lat="-34.07226" lon="18.3685">
    <ele>117.37000000000002</ele>
   </trkpt>
   <trkpt lat="-34.0722" lon="18.368740000000003">
    <ele>117.37000000000002</ele>
   </trkpt>
   <trkpt lat="-34.07215" lon="18.36886">
    <ele>116.57000000000001</ele>
   </trkpt>
   <trkpt lat="-34.07199" lon="18.36895">
    <ele>116.57000000000001</ele>
   </trkpt>
   <trkpt lat="-34.07188" lon="18.36896">
    <ele>116.18</ele>
   </trkpt>
   <trkpt lat="-34.07184" lon="18.368940000000002">
    <ele>116.18</ele>
   </trkpt>
   <trkpt lat="-34.07173" lon="18.36886">
    <ele>115.96000000000001</ele>
   </trkpt>
   <trkpt lat="-34.07166" lon="18.368730000000003">
    <ele>115.22</ele>
   </trkpt>
   <trkpt lat="-34.07159" lon="18.36849">
    <ele>114.75</ele>
   </trkpt>
   <trkpt lat="-34.0715" lon="18.368290000000002">
    <ele>114.75</ele>
   </trkpt>
   <trkpt lat="-34.07137" lon="18.36813">
    <ele>113.79000000000002</ele>
   </trkpt>
   <trkpt lat="-34.07123" lon="18.36804">
    <ele>113.79000000000002</ele>
   </trkpt>
   <trkpt lat="-34.07108" lon="18.367980000000003">
    <ele>113.22000000000001</ele>
   </trkpt>
   <trkpt lat="-34.07099" lon="18.367970000000003">
    <ele>112.95</ele>
   </trkpt>
   <trkpt lat="-34.07081" lon="18.367990000000002">
    <ele>112.28</ele>
   </trkpt>
   <trkpt lat="-34.07061" lon="18.368090000000002">
    <ele>112.01</ele>
   </trkpt>
   <trkpt lat="-34.07043" lon="18.36825">
    <ele>111.62</ele>
   </trkpt>
   <trkpt lat="-34.070160000871184" lon="18.368755001911598">
    <ele>110.55000000000001</ele>
   </trkpt>
   <trkpt lat="-34.06989" lon="18.36926">
    <ele>109.58000000000001</ele>
   </trkpt>
   <trkpt lat="-34.06982" lon="18.36933">
    <ele>109.09</ele>
   </trkpt>
   <trkpt lat="-34.06964" lon="18.36945">
    <ele>108.9</ele>
   </trkpt>
   <trkpt lat="-34.06913" lon="18.369770000000003">
    <ele>108.48</ele>
   </trkpt>
   <trkpt lat="-34.06904" lon="18.36981">
    <ele>108.48</ele>
   </trkpt>
   <trkpt lat="-34.06893" lon="18.36983">
    <ele>108.19000000000001</ele>
   </trkpt>
   <trkpt lat="-34.06832" lon="18.3697">
    <ele>107.98</ele>
   </trkpt>
   <trkpt lat="-34.06812" lon="18.369690000000002">
    <ele>107.86000000000001</ele>
   </trkpt>
   <trkpt lat="-34.06803" lon="18.36971">
    <ele>107.78000000000002</ele>
   </trkpt>
   <trkpt lat="-34.06772" lon="18.369860000000003">
    <ele>107.34</ele>
   </trkpt>
   <trkpt lat="-34.06705" lon="18.37029">
    <ele>104.83</ele>
   </trkpt>
   <trkpt lat="-34.06646" lon="18.37065">
    <ele>101.66000000000001</ele>
   </trkpt>
   <trkpt lat="-34.066190000000006" lon="18.37076">
    <ele>100.82000000000001</ele>
   </trkpt>
   <trkpt lat="-34.06532" lon="18.37097">
    <ele>97.31</ele>
   </trkpt>
   <trkpt lat="-34.06512" lon="18.371070000000003">
    <ele>96.73</ele>
   </trkpt>
   <trkpt lat="-34.06496" lon="18.371260000000003">
    <ele>96.10000000000001</ele>
   </trkpt>
   <trkpt lat="-34.06458" lon="18.37199">
    <ele>95.23</ele>
   </trkpt>
   <trkpt lat="-34.06443" lon="18.372120000000002">
    <ele>95.16000000000001</ele>
   </trkpt>
   <trkpt lat="-34.064350000000005" lon="18.37216">
    <ele>95.16000000000001</ele>
   </trkpt>
   <trkpt lat="-34.0642" lon="18.372230000000002">
    <ele>95.06</ele>
   </trkpt>
   <trkpt lat="-34.064060000000005" lon="18.372230000000002">
    <ele>95.06</ele>
   </trkpt>
   <trkpt lat="-34.064040000000006" lon="18.372230000000002">
    <ele>95.06</ele>
   </trkpt>
   <trkpt lat="-34.06378" lon="18.37215">
    <ele>94.93</ele>
   </trkpt>
   <trkpt lat="-34.063610000000004" lon="18.372010000000003">
    <ele>94.87</ele>
   </trkpt>
   <trkpt lat="-34.0632" lon="18.3716">
    <ele>94.83000000000001</ele>
   </trkpt>
   <trkpt lat="-34.06295" lon="18.37143">
    <ele>94.65</ele>
   </trkpt>
   <trkpt lat="-34.062830000000005" lon="18.371370000000002">
    <ele>94.23</ele>
   </trkpt>
   <trkpt lat="-34.06244" lon="18.371280000000002">
    <ele>93.33000000000001</ele>
   </trkpt>
   <trkpt lat="-34.06167" lon="18.37105">
    <ele>90.84</ele>
   </trkpt>
   <trkpt lat="-34.06147" lon="18.37104">
    <ele>90.48</ele>
   </trkpt>
   <trkpt lat="-34.06132" lon="18.371090000000002">
    <ele>90.17000000000002</ele>
   </trkpt>
   <trkpt lat="-34.06114" lon="18.371190000000002">
    <ele>89.93</ele>
   </trkpt>
   <trkpt lat="-34.06085" lon="18.37149">
    <ele>89.15</ele>
   </trkpt>
   <trkpt lat="-34.060750000000006" lon="18.371550000000003">
    <ele>89.15</ele>
   </trkpt>
   <trkpt lat="-34.06069" lon="18.371570000000002">
    <ele>89.14000000000001</ele>
   </trkpt>
   <trkpt lat="-34.06058" lon="18.371560000000002">
    <ele>88.95</ele>
   </trkpt>
   <trkpt lat="-34.06051" lon="18.37153">
    <ele>88.95</ele>
   </trkpt>
   <trkpt lat="-34.0604" lon="18.37144">
    <ele>88.85000000000001</ele>
   </trkpt>
   <trkpt lat="-34.06035" lon="18.37133">
    <ele>88.57000000000001</ele>
   </trkpt>
   <trkpt lat="-34.06031" lon="18.371170000000003">
    <ele>88.17000000000002</ele>
   </trkpt>
   <trkpt lat="-34.060255001654035" lon="18.370534999834597">
    <ele>86.26</ele>
   </trkpt>
   <trkpt lat="-34.0602" lon="18.3699">
    <ele>84.46000000000001</ele>
   </trkpt>
   <trkpt lat="-34.06015" lon="18.36975">
    <ele>84.46000000000001</ele>
   </trkpt>
   <trkpt lat="-34.06002" lon="18.369580000000003">
    <ele>82.82000000000001</ele>
   </trkpt>
   <trkpt lat="-34.05991" lon="18.36953">
    <ele>82.35000000000001</ele>
   </trkpt>
   <trkpt lat="-34.05979" lon="18.36952">
    <ele>82.15</ele>
   </trkpt>
   <trkpt lat="-34.05966" lon="18.36956">
    <ele>81.91000000000001</ele>
   </trkpt>
   <trkpt lat="-34.05931" lon="18.369770000000003">
    <ele>81.37</ele>
   </trkpt>
   <trkpt lat="-34.05921" lon="18.36981">
    <ele>81.37</ele>
   </trkpt>
   <trkpt lat="-34.05912" lon="18.3698">
    <ele>81.26</ele>
   </trkpt>
   <trkpt lat="-34.059050000000006" lon="18.369760000000003">
    <ele>81.26</ele>
   </trkpt>
   <trkpt lat="-34.05897" lon="18.36963">
    <ele>81.08000000000001</ele>
   </trkpt>
   <trkpt lat="-34.05894" lon="18.36952">
    <ele>81.01</ele>
   </trkpt>
   <trkpt lat="-34.05894" lon="18.369400000000002">
    <ele>80.99000000000001</ele>
   </trkpt>
   <trkpt lat="-34.05907500224388" lon="18.368660001032502">
    <ele>80.78</ele>
   </trkpt>
   <trkpt lat="-34.05921" lon="18.36792">
    <ele>80.57000000000001</ele>
   </trkpt>
   <trkpt lat="-34.05923" lon="18.367600000000003">
    <ele>80.14</ele>
   </trkpt>
   <trkpt lat="-34.05917" lon="18.36729">
    <ele>79.34</ele>
   </trkpt>
   <trkpt lat="-34.05906" lon="18.367040000000003">
    <ele>79.34</ele>
   </trkpt>
   <trkpt lat="-34.0587" lon="18.366660000000003">
    <ele>77.80000000000001</ele>
   </trkpt>
   <trkpt lat="-34.05847" lon="18.36652">
    <ele>77.06</ele>
   </trkpt>
   <trkpt lat="-34.05823" lon="18.366480000000003">
    <ele>76.51</ele>
   </trkpt>
   <trkpt lat="-34.05778" lon="18.366600000000002">
    <ele>75.58000000000001</ele>
   </trkpt>
   <trkpt lat="-34.05751" lon="18.36654">
    <ele>74.29</ele>
   </trkpt>
   <trkpt lat="-34.05738" lon="18.36646">
    <ele>74.29</ele>
   </trkpt>
   <trkpt lat="-34.05722" lon="18.366290000000003">
    <ele>74.29</ele>
   </trkpt>
   <trkpt lat="-34.05684" lon="18.365450000000003">
    <ele>71.73</ele>
   </trkpt>
   <trkpt lat="-34.05673" lon="18.365270000000002">
    <ele>71.44</ele>
   </trkpt>
   <trkpt lat="-34.05662" lon="18.3652">
    <ele>71.12</ele>
   </trkpt>
   <trkpt lat="-34.05626" lon="18.36512">
    <ele>70.32000000000001</ele>
   </trkpt>
   <trkpt lat="-34.05606" lon="18.36505">
    <ele>69.65</ele>
   </trkpt>
   <trkpt lat="-34.055960000000006" lon="18.36495">
    <ele>69.41</ele>
   </trkpt>
   <trkpt lat="-34.05576" lon="18.364620000000002">
    <ele>66.87</ele>
   </trkpt>
   <trkpt lat="-34.05572" lon="18.36459">
    <ele>66.87</ele>
   </trkpt>
   <trkpt lat="-34.055640000000004" lon="18.36456">
    <ele>66.87</ele>
   </trkpt>
   <trkpt lat="-34.05556" lon="18.36459">
    <ele>66.87</ele>
   </trkpt>
   <trkpt lat="-34.055260000000004" lon="18.36485">
    <ele>65.13000000000001</ele>
   </trkpt>
   <trkpt lat="-34.055170000000004" lon="18.364890000000003">
    <ele>65.0</ele>
   </trkpt>
   <trkpt lat="-34.05512" lon="18.364910000000002">
    <ele>65.0</ele>
   </trkpt>
   <trkpt lat="-34.05476" lon="18.364880000000003">
    <ele>62.160000000000004</ele>
   </trkpt>
   <trkpt lat="-34.05467" lon="18.36483">
    <ele>61.11000000000001</ele>
   </trkpt>
   <trkpt lat="-34.05442" lon="18.36466">
    <ele>59.260000000000005</ele>
   </trkpt>
   <trkpt lat="-34.05427" lon="18.364600000000003">
    <ele>58.53</ele>
   </trkpt>
   <trkpt lat="-34.05391" lon="18.36457">
    <ele>56.38</ele>
   </trkpt>
   <trkpt lat="-34.05373" lon="18.36449">
    <ele>54.62</ele>
   </trkpt>
   <trkpt lat="-34.05326" lon="18.364050000000002">
    <ele>51.53000000000001</ele>
   </trkpt>
   <trkpt lat="-34.0529" lon="18.36381">
    <ele>48.21</ele>
   </trkpt>
   <trkpt lat="-34.05252" lon="18.36361">
    <ele>46.720000000000006</ele>
   </trkpt>
   <trkpt lat="-34.05216" lon="18.363500000000002">
    <ele>44.84</ele>
   </trkpt>
   <trkpt lat="-34.05145" lon="18.363310000000002">
    <ele>40.580000000000005</ele>
   </trkpt>
   <trkpt lat="-34.05106" lon="18.36318">
    <ele>37.22</ele>
   </trkpt>
   <trkpt lat="-34.05082" lon="18.3629">
    <ele>36.050000000000004</ele>
   </trkpt>
   <trkpt lat="-34.05068" lon="18.36278">
    <ele>35.5</ele>
   </trkpt>
   <trkpt lat="-34.0505" lon="18.362730000000003">
    <ele>32.629999999999995</ele>
   </trkpt>
   <trkpt lat="-34.049640000000004" lon="18.362650000000002">
    <ele>28.62</ele>
   </trkpt>
   <trkpt lat="-34.049490000000006" lon="18.3626">
    <ele>28.42</ele>
   </trkpt>
   <trkpt lat="-34.04916" lon="18.362470000000002">
    <ele>25.240000000000002</ele>
   </trkpt>
   <trkpt lat="-34.04898" lon="18.362360000000002">
    <ele>25.240000000000002</ele>
   </trkpt>
   <trkpt lat="-34.04885" lon="18.36224">
    <ele>25.240000000000002</ele>
   </trkpt>
   <trkpt lat="-34.04871" lon="18.36202">
    <ele>23.24</ele>
   </trkpt>
   <trkpt lat="-34.04867" lon="18.361800000000002">
    <ele>21.640000000000004</ele>
   </trkpt>
   <trkpt lat="-34.04869" lon="18.36138">
    <ele>20.16</ele>
   </trkpt>
   <trkpt lat="-34.04867" lon="18.36126">
    <ele>18.860000000000003</ele>
   </trkpt>
   <trkpt lat="-34.048550000000006" lon="18.361130000000003">
    <ele>17.94</ele>
   </trkpt>
   <trkpt lat="-34.04844" lon="18.36109">
    <ele>16.98</ele>
   </trkpt>
   <trkpt lat="-34.04827" lon="18.36111">
    <ele>16.21</ele>
   </trkpt>
   <trkpt lat="-34.04775" lon="18.361220000000003">
    <ele>13.48</ele>
   </trkpt>
   <trkpt lat="-34.04739" lon="18.361330000000002">
    <ele>9.72</ele>
   </trkpt>
   <trkpt lat="-34.04712" lon="18.36146">
    <ele>8.190000000000001</ele>
   </trkpt>
   <trkpt lat="-34.046640000000004" lon="18.36175">
    <ele>6.94</ele>
   </trkpt>
   <trkpt lat="-34.04647" lon="18.36185">
    <ele>6.72</ele>
   </trkpt>
   <trkpt lat="-34.04639" lon="18.361880000000003">
    <ele>6.68</ele>
   </trkpt>
   <trkpt lat="-34.04616" lon="18.361880000000003">
    <ele>6.7700000000000005</ele>
   </trkpt>
   <trkpt lat="-34.04603" lon="18.36184">
    <ele>6.7700000000000005</ele>
   </trkpt>
   <trkpt lat="-34.04572" lon="18.361600000000003">
    <ele>7.08</ele>
   </trkpt>
   <trkpt lat="-34.04529" lon="18.361120000000003">
    <ele>7.2</ele>
   </trkpt>
   <trkpt lat="-34.04488000125765" lon="18.360559997276297">
    <ele>7.29</ele>
   </trkpt>
   <trkpt lat="-34.044470000000004" lon="18.360000000000003">
    <ele>7.800000000000001</ele>
   </trkpt>
   <trkpt lat="-34.04419" lon="18.35967">
    <ele>7.91</ele>
   </trkpt>
   <trkpt lat="-34.04401" lon="18.35952">
    <ele>8.21</ele>
   </trkpt>
   <trkpt lat="-34.04377" lon="18.359370000000002">
    <ele>8.530000000000001</ele>
   </trkpt>
   <trkpt lat="-34.04365" lon="18.35933">
    <ele>8.530000000000001</ele>
   </trkpt>
   <trkpt lat="-34.04346" lon="18.35931">
    <ele>8.92</ele>
   </trkpt>
   <trkpt lat="-34.043150000000004" lon="18.359340000000003">
    <ele>9.41</ele>
   </trkpt>
   <trkpt lat="-34.043110000000006" lon="18.35932">
    <ele>9.44</ele>
   </trkpt>
   <trkpt lat="-34.04256" lon="18.3594">
    <ele>9.91</ele>
   </trkpt>
   <trkpt lat="-34.04234" lon="18.3594">
    <ele>10.010000000000002</ele>
   </trkpt>
   <trkpt lat="-34.04211" lon="18.35939">
    <ele>10.43</ele>
   </trkpt>
   <trkpt lat="-34.04196" lon="18.35933">
    <ele>10.540000000000001</ele>
   </trkpt>
   <trkpt lat="-34.04191" lon="18.359260000000003">
    <ele>10.520000000000001</ele>
   </trkpt>
   <trkpt lat="-34.041740000000004" lon="18.358700000000002">
    <ele>9.780000000000001</ele>
   </trkpt>
   <trkpt lat="-34.04164" lon="18.35799">
    <ele>9.06</ele>
   </trkpt>
   <trkpt lat="-34.04164" lon="18.357460000000003">
    <ele>8.68</ele>
   </trkpt>
   <trkpt lat="-34.04171" lon="18.35689">
    <ele>8.280000000000001</ele>
   </trkpt>
   <trkpt lat="-34.041830000000004" lon="18.356340000000003">
    <ele>8.010000000000002</ele>
   </trkpt>
   <trkpt lat="-34.04209" lon="18.35563">
    <ele>7.55</ele>
   </trkpt>
   <trkpt lat="-34.04224" lon="18.3553">
    <ele>7.55</ele>
   </trkpt>
   <trkpt lat="-34.04249" lon="18.354850000000003">
    <ele>7.24</ele>
   </trkpt>
   <trkpt lat="-34.04289333682993" lon="18.354193339570525">
    <ele>6.790000000000001</ele>
   </trkpt>
   <trkpt lat="-34.04329667016874" lon="18.353536672895007">
    <ele>6.48</ele>
   </trkpt>
   <trkpt lat="-34.0437" lon="18.352880000000003">
    <ele>6.66</ele>
   </trkpt>
   <trkpt lat="-34.04388" lon="18.352490000000003">
    <ele>7.3100000000000005</ele>
   </trkpt>
   <trkpt lat="-34.04393" lon="18.35229">
    <ele>7.300000000000001</ele>
   </trkpt>
   <trkpt lat="-34.04314333355658" lon="18.352184995130244">
    <ele>7.61</ele>
   </trkpt>
   <trkpt lat="-34.04235666702388" lon="18.352079992208523">
    <ele>7.5</ele>
   </trkpt>
   <trkpt lat="-34.04157000040193" lon="18.351974991234737">
    <ele>8.76</ele>
   </trkpt>
   <trkpt lat="-34.040783333690726" lon="18.351869992208794">
    <ele>13.620000000000001</ele>
   </trkpt>
   <trkpt lat="-34.039996666890254" lon="18.351764995130605">
    <ele>20.009999999999998</ele>
   </trkpt>
   <trkpt lat="-34.039210000000004" lon="18.351660000000003">
    <ele>19.24</ele>
   </trkpt>
   <trkpt lat="-34.03837555614606" lon="18.351524433775907">
    <ele>14.59</ele>
   </trkpt>
   <trkpt lat="-34.03754111214333" lon="18.35138887021908">
    <ele>12.600000000000001</ele>
   </trkpt>
   <trkpt lat="-34.03670666799183" lon="18.35125330932938">
    <ele>13.580000000000002</ele>
   </trkpt>
   <trkpt lat="-34.03587222369156" lon="18.351117751106678">
    <ele>14.48</ele>
   </trkpt>
   <trkpt lat="-34.03503777924254" lon="18.350982195550834">
    <ele>14.92</ele>
   </trkpt>
   <trkpt lat="-34.03420333464477" lon="18.35084664266172">
    <ele>16.39</ele>
   </trkpt>
   <trkpt lat="-34.033368889898256" lon="18.350711092439187">
    <ele>18.26</ele>
   </trkpt>
   <trkpt lat="-34.03253444500301" lon="18.35057554488311">
    <ele>17.720000000000002</ele>
   </trkpt>
   <trkpt lat="-34.0317" lon="18.350440000000003">
    <ele>17.900000000000002</ele>
   </trkpt>
   <trkpt lat="-34.03157" lon="18.350430000000003">
    <ele>18.160000000000004</ele>
   </trkpt>
   <trkpt lat="-34.03104999996126" lon="18.35051500053206">
    <ele>19.03</ele>
   </trkpt>
   <trkpt lat="-34.030530000000006" lon="18.3506">
    <ele>19.91</ele>
   </trkpt>
   <trkpt lat="-34.03049" lon="18.350350000000002">
    <ele>21.37</ele>
   </trkpt>
   <trkpt lat="-34.03045" lon="18.350170000000002">
    <ele>21.37</ele>
   </trkpt>
   <trkpt lat="-34.03038" lon="18.35004">
    <ele>23.1</ele>
   </trkpt>
   <trkpt lat="-34.029890001929374" lon="18.349339995880644">
    <ele>26.220000000000002</ele>
   </trkpt>
   <trkpt lat="-34.0294" lon="18.348640000000003">
    <ele>31.360000000000007</ele>
   </trkpt>
   <trkpt lat="-34.02929" lon="18.3487">
    <ele>31.490000000000002</ele>
   </trkpt>
   <trkpt lat="-34.02871500055095" lon="18.349075002553036">
    <ele>32.85</ele>
   </trkpt>
   <trkpt lat="-34.02814" lon="18.34945">
    <ele>36.56</ele>
   </trkpt>
   <trkpt lat="-34.02801" lon="18.34956">
    <ele>37.58</ele>
   </trkpt>
   <trkpt lat="-34.027287500854534" lon="18.349827506837922">
    <ele>41.77</ele>
   </trkpt>
   <trkpt lat="-34.026565001129846" lon="18.350095009120615">
    <ele>47.580000000000005</ele>
   </trkpt>
   <trkpt lat="-34.025842500825966" lon="18.350362506848292">
    <ele>53.290000000000006</ele>
   </trkpt>
   <trkpt lat="-34.02512" lon="18.350630000000002">
    <ele>59.02</ele>
   </trkpt>
   <trkpt lat="-34.02427" lon="18.350920000000002">
    <ele>67.78</ele>
   </trkpt>
   <trkpt lat="-34.02387" lon="18.35104">
    <ele>70.67000000000002</ele>
   </trkpt>
   <trkpt lat="-34.02355" lon="18.351110000000002">
    <ele>73.49</ele>
   </trkpt>
   <trkpt lat="-34.02275" lon="18.35123">
    <ele>78.58000000000001</ele>
   </trkpt>
   <trkpt lat="-34.02215499996254" lon="18.35129500046164">
    <ele>81.74000000000001</ele>
   </trkpt>
   <trkpt lat="-34.02156" lon="18.351360000000003">
    <ele>88.3</ele>
   </trkpt>
   <trkpt lat="-34.02113" lon="18.351370000000003">
    <ele>92.51</ele>
   </trkpt>
   <trkpt lat="-34.02037" lon="18.351300000000002">
    <ele>97.42</ele>
   </trkpt>
   <trkpt lat="-34.01960600012517" lon="18.35121799704957">
    <ele>103.3</ele>
   </trkpt>
   <trkpt lat="-34.01884200019594" lon="18.351135995575294">
    <ele>110.26</ele>
   </trkpt>
   <trkpt lat="-34.018078000212284" lon="18.351053995577118">
    <ele>115.05000000000001</ele>
   </trkpt>
   <trkpt lat="-34.01731400017421" lon="18.350971997054966">
    <ele>118.5</ele>
   </trkpt>
   <trkpt lat="-34.01655" lon="18.350890000000003">
    <ele>125.29</ele>
   </trkpt>
   <trkpt lat="-34.0161" lon="18.350810000000003">
    <ele>128.44</ele>
   </trkpt>
   <trkpt lat="-34.01527" lon="18.35057">
    <ele>134.9</ele>
   </trkpt>
   <trkpt lat="-34.01458000039341" lon="18.350289997755233">
    <ele>140.74</ele>
   </trkpt>
   <trkpt lat="-34.01389" lon="18.35001">
    <ele>144.61</ele>
   </trkpt>
   <trkpt lat="-34.0137" lon="18.349960000000003">
    <ele>145.17000000000002</ele>
   </trkpt>
   <trkpt lat="-34.01334" lon="18.349960000000003">
    <ele>146.34000000000003</ele>
   </trkpt>
   <trkpt lat="-34.012570000000004" lon="18.350070000000002">
    <ele>153.00000000000003</ele>
   </trkpt>
   <trkpt lat="-34.01216" lon="18.350070000000002">
    <ele>155.24</ele>
   </trkpt>
   <trkpt lat="-34.01193" lon="18.35">
    <ele>155.88000000000002</ele>
   </trkpt>
   <trkpt lat="-34.01158" lon="18.34982">
    <ele>156.4</ele>
   </trkpt>
   <trkpt lat="-34.010940000000005" lon="18.34947">
    <ele>155.38000000000002</ele>
   </trkpt>
   <trkpt lat="-34.01035333425928" lon="18.349136662075804">
    <ele>151.79</ele>
   </trkpt>
   <trkpt lat="-34.00976666761939" lon="18.34880332875774">
    <ele>144.76</ele>
   </trkpt>
   <trkpt lat="-34.00918" lon="18.348470000000002">
    <ele>141.35</ele>
   </trkpt>
   <trkpt lat="-34.00898" lon="18.348390000000002">
    <ele>139.72</ele>
   </trkpt>
   <trkpt lat="-34.00851" lon="18.348390000000002">
    <ele>136.08</ele>
   </trkpt>
   <trkpt lat="-34.0082" lon="18.348370000000003">
    <ele>135.39000000000001</ele>
   </trkpt>
   <trkpt lat="-34.00802" lon="18.348290000000002">
    <ele>134.64000000000001</ele>
   </trkpt>
   <trkpt lat="-34.00777" lon="18.34815">
    <ele>131.75</ele>
   </trkpt>
   <trkpt lat="-34.00739" lon="18.347820000000002">
    <ele>130.54999999999998</ele>
   </trkpt>
   <trkpt lat="-34.00712" lon="18.347620000000003">
    <ele>128.82999999999998</ele>
   </trkpt>
   <trkpt lat="-34.00699" lon="18.347550000000002">
    <ele>128.46</ele>
   </trkpt>
   <trkpt lat="-34.00665" lon="18.347440000000002">
    <ele>127.05000000000003</ele>
   </trkpt>
   <trkpt lat="-34.006170000000004" lon="18.347430000000003">
    <ele>125.87</ele>
   </trkpt>
   <trkpt lat="-34.00605" lon="18.34741">
    <ele>125.67</ele>
   </trkpt>
   <trkpt lat="-34.00567" lon="18.34741">
    <ele>124.82000000000001</ele>
   </trkpt>
   <trkpt lat="-34.005370000000006" lon="18.34738">
    <ele>122.91</ele>
   </trkpt>
   <trkpt lat="-34.00526" lon="18.347360000000002">
    <ele>122.01</ele>
   </trkpt>
   <trkpt lat="-34.00513" lon="18.34729">
    <ele>121.56000000000002</ele>
   </trkpt>
   <trkpt lat="-34.00499" lon="18.3472">
    <ele>121.32000000000001</ele>
   </trkpt>
   <trkpt lat="-34.0049" lon="18.34709">
    <ele>120.97</ele>
   </trkpt>
   <trkpt lat="-34.00477" lon="18.346890000000002">
    <ele>120.76</ele>
   </trkpt>
   <trkpt lat="-34.00452" lon="18.34635">
    <ele>120.91</ele>
   </trkpt>
   <trkpt lat="-34.00439" lon="18.34618">
    <ele>121.00000000000001</ele>
   </trkpt>
   <trkpt lat="-34.004270000000005" lon="18.346120000000003">
    <ele>121.00000000000001</ele>
   </trkpt>
   <trkpt lat="-34.00417" lon="18.34605">
    <ele>120.98</ele>
   </trkpt>
   <trkpt lat="-34.00401" lon="18.34597">
    <ele>120.76</ele>
   </trkpt>
   <trkpt lat="-34.00357000001817" lon="18.345824999226775">
    <ele>120.64000000000001</ele>
   </trkpt>
   <trkpt lat="-34.003130000000006" lon="18.34568">
    <ele>120.46000000000001</ele>
   </trkpt>
   <trkpt lat="-34.00296" lon="18.34559">
    <ele>120.08</ele>
   </trkpt>
   <trkpt lat="-34.00276" lon="18.345380000000002">
    <ele>119.91000000000001</ele>
   </trkpt>
   <trkpt lat="-34.00262" lon="18.34512">
    <ele>119.86</ele>
   </trkpt>
   <trkpt lat="-34.00233" lon="18.3442">
    <ele>118.95000000000002</ele>
   </trkpt>
   <trkpt lat="-34.00224" lon="18.344060000000002">
    <ele>118.76</ele>
   </trkpt>
   <trkpt lat="-34.00213" lon="18.34394">
    <ele>118.61</ele>
   </trkpt>
   <trkpt lat="-34.00199" lon="18.34385">
    <ele>118.34000000000002</ele>
   </trkpt>
   <trkpt lat="-34.00175" lon="18.343770000000003">
    <ele>117.68</ele>
   </trkpt>
   <trkpt lat="-34.00157" lon="18.343760000000003">
    <ele>117.27000000000001</ele>
   </trkpt>
   <trkpt lat="-34.00144" lon="18.343780000000002">
    <ele>116.63000000000001</ele>
   </trkpt>
   <trkpt lat="-34.00086500009949" lon="18.34390500083828">
    <ele>115.23</ele>
   </trkpt>
   <trkpt lat="-34.00029" lon="18.34403">
    <ele>111.18</ele>
   </trkpt>
   <trkpt lat="-33.99998" lon="18.34413">
    <ele>110.11000000000001</ele>
   </trkpt>
   <trkpt lat="-33.999840000000006" lon="18.3442">
    <ele>109.43</ele>
   </trkpt>
   <trkpt lat="-33.99967" lon="18.344350000000002">
    <ele>108.2</ele>
   </trkpt>
   <trkpt lat="-33.99953" lon="18.344540000000002">
    <ele>107.26</ele>
   </trkpt>
   <trkpt lat="-33.99947" lon="18.34465">
    <ele>106.96000000000001</ele>
   </trkpt>
   <trkpt lat="-33.99938" lon="18.34497">
    <ele>106.13</ele>
   </trkpt>
   <trkpt lat="-33.99929" lon="18.345460000000003">
    <ele>105.34</ele>
   </trkpt>
   <trkpt lat="-33.99917" lon="18.34589">
    <ele>104.17000000000002</ele>
   </trkpt>
   <trkpt lat="-33.99911" lon="18.346020000000003">
    <ele>104.17000000000002</ele>
   </trkpt>
   <trkpt lat="-33.99893" lon="18.346230000000002">
    <ele>103.39</ele>
   </trkpt>
   <trkpt lat="-33.99875" lon="18.34636">
    <ele>102.17</ele>
   </trkpt>
   <trkpt lat="-33.99855" lon="18.34643">
    <ele>100.43</ele>
   </trkpt>
   <trkpt lat="-33.9977000000493" lon="18.34654000110058">
    <ele>96.61</ele>
   </trkpt>
   <trkpt lat="-33.99685" lon="18.34665">
    <ele>91.80000000000001</ele>
   </trkpt>
   <trkpt lat="-33.99667" lon="18.34664">
    <ele>90.71000000000001</ele>
   </trkpt>
   <trkpt lat="-33.99653" lon="18.346610000000002">
    <ele>89.79</ele>
   </trkpt>
   <trkpt lat="-33.99631" lon="18.34652">
    <ele>88.49000000000001</ele>
   </trkpt>
   <trkpt lat="-33.99613" lon="18.34636">
    <ele>87.81000000000002</ele>
   </trkpt>
   <trkpt lat="-33.995630000000006" lon="18.34578">
    <ele>83.7</ele>
   </trkpt>
   <trkpt lat="-33.99548" lon="18.345660000000002">
    <ele>83.06</ele>
   </trkpt>
   <trkpt lat="-33.9951" lon="18.34549">
    <ele>81.58</ele>
   </trkpt>
   <trkpt lat="-33.994240000335274" lon="18.345234997440294">
    <ele>76.69000000000001</ele>
   </trkpt>
   <trkpt lat="-33.99338" lon="18.344980000000003">
    <ele>73.39000000000001</ele>
   </trkpt>
   <trkpt lat="-33.993190000000006" lon="18.34494">
    <ele>73.39000000000001</ele>
   </trkpt>
   <trkpt lat="-33.99297" lon="18.344920000000002">
    <ele>71.33</ele>
   </trkpt>
   <trkpt lat="-33.99221" lon="18.344900000000003">
    <ele>68.49000000000001</ele>
   </trkpt>
   <trkpt lat="-33.99203" lon="18.344910000000002">
    <ele>67.12</ele>
   </trkpt>
   <trkpt lat="-33.99193" lon="18.34493">
    <ele>67.12</ele>
   </trkpt>
   <trkpt lat="-33.9919" lon="18.34494">
    <ele>67.03</ele>
   </trkpt>
   <trkpt lat="-33.9917" lon="18.34505">
    <ele>65.08</ele>
   </trkpt>
   <trkpt lat="-33.99159" lon="18.34513">
    <ele>65.08</ele>
   </trkpt>
   <trkpt lat="-33.99145" lon="18.34531">
    <ele>64.33000000000001</ele>
   </trkpt>
   <trkpt lat="-33.99092500273648" lon="18.346125004958324">
    <ele>60.82000000000001</ele>
   </trkpt>
   <trkpt lat="-33.9904" lon="18.34694">
    <ele>58.14</ele>
   </trkpt>
   <trkpt lat="-33.99031" lon="18.34713">
    <ele>56.980000000000004</ele>
   </trkpt>
   <trkpt lat="-33.990110001180156" lon="18.34765500106435">
    <ele>53.040000000000006</ele>
   </trkpt>
   <trkpt lat="-33.98991" lon="18.348180000000003">
    <ele>51.64000000000001</ele>
   </trkpt>
   <trkpt lat="-33.98982" lon="18.348370000000003">
    <ele>49.52</ele>
   </trkpt>
   <trkpt lat="-33.98971" lon="18.34852">
    <ele>48.59</ele>
   </trkpt>
   <trkpt lat="-33.98953" lon="18.34869">
    <ele>48.59</ele>
   </trkpt>
   <trkpt lat="-33.98937" lon="18.34878">
    <ele>45.03</ele>
   </trkpt>
   <trkpt lat="-33.98888" lon="18.349030000000003">
    <ele>42.52</ele>
   </trkpt>
   <trkpt lat="-33.98863" lon="18.3492">
    <ele>41.53</ele>
   </trkpt>
   <trkpt lat="-33.9885" lon="18.349420000000002">
    <ele>39.650000000000006</ele>
   </trkpt>
   <trkpt lat="-33.98843" lon="18.349580000000003">
    <ele>39.650000000000006</ele>
   </trkpt>
   <trkpt lat="-33.98836" lon="18.34994">
    <ele>38.61000000000001</ele>
   </trkpt>
   <trkpt lat="-33.98841" lon="18.350710000000003">
    <ele>36.64000000000001</ele>
   </trkpt>
   <trkpt lat="-33.98836" lon="18.35104">
    <ele>36.64000000000001</ele>
   </trkpt>
   <trkpt lat="-33.98815000135046" lon="18.35160000116523">
    <ele>35.89000000000001</ele>
   </trkpt>
   <trkpt lat="-33.98794" lon="18.35216">
    <ele>36.02</ele>
   </trkpt>
   <trkpt lat="-33.9878" lon="18.352700000000002">
    <ele>36.18</ele>
   </trkpt>
   <trkpt lat="-33.98767" lon="18.35348">
    <ele>35.81</ele>
   </trkpt>
   <trkpt lat="-33.98753" lon="18.353810000000003">
    <ele>35.35</ele>
   </trkpt>
   <trkpt lat="-33.98742" lon="18.35396">
    <ele>35.18</ele>
   </trkpt>
   <trkpt lat="-33.98722" lon="18.35413">
    <ele>34.39</ele>
   </trkpt>
   <trkpt lat="-33.98653" lon="18.35445">
    <ele>32.06</ele>
   </trkpt>
   <trkpt lat="-33.98619" lon="18.354660000000003">
    <ele>30.680000000000003</ele>
   </trkpt>
   <trkpt lat="-33.98597" lon="18.354840000000003">
    <ele>29.540000000000003</ele>
   </trkpt>
   <trkpt lat="-33.98572" lon="18.355120000000003">
    <ele>29.01</ele>
   </trkpt>
   <trkpt lat="-33.98552" lon="18.35546">
    <ele>26.71</ele>
   </trkpt>
   <trkpt lat="-33.98536" lon="18.35582">
    <ele>25.460000000000004</ele>
   </trkpt>
   <trkpt lat="-33.9851700017629" lon="18.356485001576896">
    <ele>23.22</ele>
   </trkpt>
   <trkpt lat="-33.98498" lon="18.35715">
    <ele>20.400000000000002</ele>
   </trkpt>
   <trkpt lat="-33.98485" lon="18.35751">
    <ele>19.250000000000004</ele>
   </trkpt>
   <trkpt lat="-33.98469" lon="18.35772">
    <ele>17.01</ele>
   </trkpt>
   <trkpt lat="-33.98456" lon="18.357850000000003">
    <ele>17.01</ele>
   </trkpt>
   <trkpt lat="-33.98438" lon="18.35798">
    <ele>16.380000000000003</ele>
   </trkpt>
   <trkpt lat="-33.98375" lon="18.35825">
    <ele>15.580000000000002</ele>
   </trkpt>
   <trkpt lat="-33.98358" lon="18.35835">
    <ele>15.690000000000003</ele>
   </trkpt>
   <trkpt lat="-33.98337" lon="18.35854">
    <ele>15.870000000000001</ele>
   </trkpt>
   <trkpt lat="-33.982760000000006" lon="18.359180000000002">
    <ele>16.330000000000002</ele>
   </trkpt>
   <trkpt lat="-33.98254" lon="18.3595">
    <ele>16.78</ele>
   </trkpt>
   <trkpt lat="-33.982400000000005" lon="18.35979">
    <ele>17.43</ele>
   </trkpt>
   <trkpt lat="-33.98234" lon="18.360100000000003">
    <ele>17.75</ele>
   </trkpt>
   <trkpt lat="-33.98232" lon="18.36041">
    <ele>18.99</ele>
   </trkpt>
   <trkpt lat="-33.98234" lon="18.36072">
    <ele>19.41</ele>
   </trkpt>
   <trkpt lat="-33.9825" lon="18.361310000000003">
    <ele>19.680000000000003</ele>
   </trkpt>
   <trkpt lat="-33.98252" lon="18.361520000000002">
    <ele>19.680000000000003</ele>
   </trkpt>
   <trkpt lat="-33.9825" lon="18.36185">
    <ele>19.46</ele>
   </trkpt>
   <trkpt lat="-33.98243" lon="18.36205">
    <ele>19.46</ele>
   </trkpt>
   <trkpt lat="-33.98216" lon="18.36239">
    <ele>19.12</ele>
   </trkpt>
   <trkpt lat="-33.98167" lon="18.3627">
    <ele>18.950000000000003</ele>
   </trkpt>
   <trkpt lat="-33.981460000000006" lon="18.36288">
    <ele>18.930000000000003</ele>
   </trkpt>
   <trkpt lat="-33.98127" lon="18.36314">
    <ele>18.98</ele>
   </trkpt>
   <trkpt lat="-33.98102" lon="18.36363">
    <ele>19.42</ele>
   </trkpt>
   <trkpt lat="-33.98086" lon="18.3638">
    <ele>19.42</ele>
   </trkpt>
   <trkpt lat="-33.98071" lon="18.36391">
    <ele>19.89</ele>
   </trkpt>
   <trkpt lat="-33.9805" lon="18.364">
    <ele>20.05</ele>
   </trkpt>
   <trkpt lat="-33.97995" lon="18.364130000000003">
    <ele>20.41</ele>
   </trkpt>
   <trkpt lat="-33.97974" lon="18.364230000000003">
    <ele>20.490000000000002</ele>
   </trkpt>
   <trkpt lat="-33.97959" lon="18.36439">
    <ele>20.41</ele>
   </trkpt>
   <trkpt lat="-33.97945" lon="18.36456">
    <ele>20.41</ele>
   </trkpt>
   <trkpt lat="-33.97918" lon="18.365260000000003">
    <ele>19.76</ele>
   </trkpt>
   <trkpt lat="-33.97905" lon="18.365530000000003">
    <ele>19.76</ele>
   </trkpt>
   <trkpt lat="-33.97878" lon="18.36587">
    <ele>19.340000000000003</ele>
   </trkpt>
   <trkpt lat="-33.9782800011406" lon="18.366420003325874">
    <ele>19.020000000000003</ele>
   </trkpt>
   <trkpt lat="-33.97778" lon="18.366970000000002">
    <ele>18.51</ele>
   </trkpt>
   <trkpt lat="-33.97757" lon="18.36717">
    <ele>18.3</ele>
   </trkpt>
   <trkpt lat="-33.97686500150026" lon="18.367770004937675">
    <ele>17.54</ele>
   </trkpt>
   <trkpt lat="-33.97616" lon="18.368370000000002">
    <ele>16.92</ele>
   </trkpt>
   <trkpt lat="-33.97603" lon="18.3685">
    <ele>16.78</ele>
   </trkpt>
   <trkpt lat="-33.97557000131888" lon="18.369050002861496">
    <ele>15.93</ele>
   </trkpt>
   <trkpt lat="-33.97511" lon="18.369600000000002">
    <ele>14.370000000000001</ele>
   </trkpt>
   <trkpt lat="-33.97491" lon="18.369870000000002">
    <ele>13.860000000000001</ele>
   </trkpt>
   <trkpt lat="-33.97475" lon="18.370140000000003">
    <ele>13.48</ele>
   </trkpt>
   <trkpt lat="-33.97437" lon="18.370880000000003">
    <ele>13.160000000000002</ele>
   </trkpt>
   <trkpt lat="-33.97424" lon="18.371070000000003">
    <ele>12.8</ele>
   </trkpt>
   <trkpt lat="-33.973940000000006" lon="18.371350000000003">
    <ele>12.49</ele>
   </trkpt>
   <trkpt lat="-33.97392" lon="18.371360000000003">
    <ele>12.49</ele>
   </trkpt>
   <trkpt lat="-33.97374" lon="18.371480000000002">
    <ele>12.41</ele>
   </trkpt>
   <trkpt lat="-33.97343" lon="18.37161">
    <ele>12.48</ele>
   </trkpt>
   <trkpt lat="-33.97323" lon="18.371650000000002">
    <ele>12.66</ele>
   </trkpt>
   <trkpt lat="-33.972700000066155" lon="18.371730000492562">
    <ele>13.35</ele>
   </trkpt>
   <trkpt lat="-33.972170000000006" lon="18.37181">
    <ele>13.520000000000001</ele>
   </trkpt>
   <trkpt lat="-33.9716" lon="18.37179">
    <ele>13.670000000000002</ele>
   </trkpt>
   <trkpt lat="-33.97142" lon="18.371760000000002">
    <ele>13.9</ele>
   </trkpt>
   <trkpt lat="-33.97074666714949" lon="18.371506662641256">
    <ele>13.99</ele>
   </trkpt>
   <trkpt lat="-33.97007333377989" lon="18.37125332929434">
    <ele>13.8</ele>
   </trkpt>
   <trkpt lat="-33.9694" lon="18.371000000000002">
    <ele>13.860000000000001</ele>
   </trkpt>
   <trkpt lat="-33.96913" lon="18.370980000000003">
    <ele>13.89</ele>
   </trkpt>
   <trkpt lat="-33.96898" lon="18.370990000000003">
    <ele>13.89</ele>
   </trkpt>
   <trkpt lat="-33.96871" lon="18.371080000000003">
    <ele>13.940000000000001</ele>
   </trkpt>
   <trkpt lat="-33.96857" lon="18.371160000000003">
    <ele>14.010000000000002</ele>
   </trkpt>
   <trkpt lat="-33.96844" lon="18.371270000000003">
    <ele>13.97</ele>
   </trkpt>
   <trkpt lat="-33.96833" lon="18.3714">
    <ele>13.770000000000001</ele>
   </trkpt>
   <trkpt lat="-33.96806" lon="18.371820000000003">
    <ele>13.620000000000001</ele>
   </trkpt>
   <trkpt lat="-33.96780000085777" lon="18.372310001711195">
    <ele>13.23</ele>
   </trkpt>
   <trkpt lat="-33.96754" lon="18.3728">
    <ele>13.15</ele>
   </trkpt>
   <trkpt lat="-33.96732" lon="18.373070000000002">
    <ele>13.23</ele>
   </trkpt>
   <trkpt lat="-33.96689" lon="18.37336">
    <ele>13.540000000000001</ele>
   </trkpt>
   <trkpt lat="-33.96665" lon="18.37346">
    <ele>13.7</ele>
   </trkpt>
   <trkpt lat="-33.96631" lon="18.37348">
    <ele>14.290000000000001</ele>
   </trkpt>
   <trkpt lat="-33.96578500014519" lon="18.373359999279174">
    <ele>14.5</ele>
   </trkpt>
   <trkpt lat="-33.96526" lon="18.373240000000003">
    <ele>15.22</ele>
   </trkpt>
   <trkpt lat="-33.96508" lon="18.37328">
    <ele>15.22</ele>
   </trkpt>
   <trkpt lat="-33.96497" lon="18.373350000000002">
    <ele>15.22</ele>
   </trkpt>
   <trkpt lat="-33.96459" lon="18.373700000000003">
    <ele>15.780000000000003</ele>
   </trkpt>
   <trkpt lat="-33.96412" lon="18.37375">
    <ele>16.080000000000002</ele>
   </trkpt>
   <trkpt lat="-33.96392" lon="18.373700000000003">
    <ele>16.28</ele>
   </trkpt>
   <trkpt lat="-33.96358" lon="18.3734">
    <ele>17.12</ele>
   </trkpt>
   <trkpt lat="-33.96345" lon="18.37339">
    <ele>17.25</ele>
   </trkpt>
   <trkpt lat="-33.963350000000005" lon="18.37341">
    <ele>17.37</ele>
   </trkpt>
   <trkpt lat="-33.96325" lon="18.37347">
    <ele>17.37</ele>
   </trkpt>
   <trkpt lat="-33.9626" lon="18.37396">
    <ele>18.490000000000002</ele>
   </trkpt>
   <trkpt lat="-33.96191" lon="18.37423">
    <ele>19.62</ele>
   </trkpt>
   <trkpt lat="-33.96145500011442" lon="18.37445000121601">
    <ele>20.03</ele>
   </trkpt>
   <trkpt lat="-33.961000000000006" lon="18.374670000000002">
    <ele>20.3</ele>
   </trkpt>
   <trkpt lat="-33.96044500020295" lon="18.374915001615918">
    <ele>20.34</ele>
   </trkpt>
   <trkpt lat="-33.95989" lon="18.37516">
    <ele>20.400000000000002</ele>
   </trkpt>
   <trkpt lat="-33.95976" lon="18.37525">
    <ele>20.53</ele>
   </trkpt>
   <trkpt lat="-33.95971" lon="18.37536">
    <ele>20.580000000000002</ele>
   </trkpt>
   <trkpt lat="-33.95971" lon="18.37583">
    <ele>20.8</ele>
   </trkpt>
   <trkpt lat="-33.95966" lon="18.375950000000003">
    <ele>20.8</ele>
   </trkpt>
   <trkpt lat="-33.95946" lon="18.37629">
    <ele>20.810000000000002</ele>
   </trkpt>
   <trkpt lat="-33.95937" lon="18.376710000000003">
    <ele>20.78</ele>
   </trkpt>
   <trkpt lat="-33.95902500062033" lon="18.37708000142878">
    <ele>20.42</ele>
   </trkpt>
   <trkpt lat="-33.95868" lon="18.377450000000003">
    <ele>19.880000000000003</ele>
   </trkpt>
   <trkpt lat="-33.95859" lon="18.3775">
    <ele>19.22</ele>
   </trkpt>
   <trkpt lat="-33.95792" lon="18.377570000000002">
    <ele>17.640000000000004</ele>
   </trkpt>
   <trkpt lat="-33.9576" lon="18.37749">
    <ele>16.68</ele>
   </trkpt>
   <trkpt lat="-33.95731" lon="18.37733">
    <ele>16.040000000000003</ele>
   </trkpt>
   <trkpt lat="-33.956940000183735" lon="18.377014998445034">
    <ele>15.690000000000003</ele>
   </trkpt>
   <trkpt lat="-33.95657" lon="18.376700000000003">
    <ele>15.3</ele>
   </trkpt>
   <trkpt lat="-33.95637" lon="18.376640000000002">
    <ele>14.780000000000001</ele>
   </trkpt>
   <trkpt lat="-33.955940000000005" lon="18.37656">
    <ele>13.200000000000001</ele>
   </trkpt>
   <trkpt lat="-33.95543" lon="18.376530000000002">
    <ele>10.6</ele>
   </trkpt>
   <trkpt lat="-33.95497000000338" lon="18.376565000189338">
    <ele>10.450000000000001</ele>
   </trkpt>
   <trkpt lat="-33.954510000000006" lon="18.3766">
    <ele>10.94</ele>
   </trkpt>
   <trkpt lat="-33.95425" lon="18.37665">
    <ele>10.540000000000001</ele>
   </trkpt>
   <trkpt lat="-33.95387" lon="18.37678">
    <ele>10.280000000000001</ele>
   </trkpt>
   <trkpt lat="-33.95323666762791" lon="18.377120005046795">
    <ele>9.080000000000002</ele>
   </trkpt>
   <trkpt lat="-33.952603334321076" lon="18.377460005032503">
    <ele>7.2</ele>
   </trkpt>
   <trkpt lat="-33.95197" lon="18.3778">
    <ele>6.95</ele>
   </trkpt>
   <trkpt lat="-33.95194" lon="18.37771">
    <ele>5.81</ele>
   </trkpt>
   <trkpt lat="-33.951890000000006" lon="18.377730000000003">
    <ele>5.81</ele>
   </trkpt>
   <trkpt lat="-33.95127333426266" lon="18.37806667153882">
    <ele>6.0</ele>
   </trkpt>
   <trkpt lat="-33.95065666760884" lon="18.37840333819841">
    <ele>6.710000000000001</ele>
   </trkpt>
   <trkpt lat="-33.95004" lon="18.37874">
    <ele>7.790000000000001</ele>
   </trkpt>
   <trkpt lat="-33.94975" lon="18.378880000000002">
    <ele>8.350000000000001</ele>
   </trkpt>
   <trkpt lat="-33.94926" lon="18.37899">
    <ele>10.100000000000001</ele>
   </trkpt>
   <trkpt lat="-33.9491" lon="18.37899">
    <ele>10.49</ele>
   </trkpt>
   <trkpt lat="-33.94867" lon="18.37892">
    <ele>12.16</ele>
   </trkpt>
   <trkpt lat="-33.94827" lon="18.37875">
    <ele>13.930000000000001</ele>
   </trkpt>
   <trkpt lat="-33.94798" lon="18.37852">
    <ele>16.020000000000003</ele>
   </trkpt>
   <trkpt lat="-33.947770000000006" lon="18.378420000000002">
    <ele>17.150000000000002</ele>
   </trkpt>
   <trkpt lat="-33.947660000000006" lon="18.378410000000002">
    <ele>17.150000000000002</ele>
   </trkpt>
   <trkpt lat="-33.94746" lon="18.378400000000003">
    <ele>17.94</ele>
   </trkpt>
   <trkpt lat="-33.94717" lon="18.37847">
    <ele>18.950000000000003</ele>
   </trkpt>
   <trkpt lat="-33.94679" lon="18.378770000000003">
    <ele>19.44</ele>
   </trkpt>
   <trkpt lat="-33.94662" lon="18.37885">
    <ele>19.76</ele>
   </trkpt>
   <trkpt lat="-33.94646" lon="18.37885">
    <ele>20.630000000000003</ele>
   </trkpt>
   <trkpt lat="-33.94637" lon="18.378800000000002">
    <ele>20.89</ele>
   </trkpt>
   <trkpt lat="-33.94619" lon="18.37866">
    <ele>22.7</ele>
   </trkpt>
   <trkpt lat="-33.9461" lon="18.37852">
    <ele>23.250000000000004</ele>
   </trkpt>
   <trkpt lat="-33.9457" lon="18.377760000000002">
    <ele>26.09</ele>
   </trkpt>
   <trkpt lat="-33.9454" lon="18.377270000000003">
    <ele>26.500000000000004</ele>
   </trkpt>
   <trkpt lat="-33.94523" lon="18.37705">
    <ele>26.950000000000003</ele>
   </trkpt>
   <trkpt lat="-33.94485000061095" lon="18.376699998544126">
    <ele>27.57</ele>
   </trkpt>
   <trkpt lat="-33.94447" lon="18.376350000000002">
    <ele>27.840000000000003</ele>
   </trkpt>
   <trkpt lat="-33.94415" lon="18.3761">
    <ele>28.17</ele>
   </trkpt>
   <trkpt lat="-33.94377" lon="18.37585">
    <ele>28.68</ele>
   </trkpt>
   <trkpt lat="-33.94355" lon="18.37574">
    <ele>28.790000000000003</ele>
   </trkpt>
   <trkpt lat="-33.94323" lon="18.375600000000002">
    <ele>29.05</ele>
   </trkpt>
   <trkpt lat="-33.94274" lon="18.37544">
    <ele>29.43</ele>
   </trkpt>
   <trkpt lat="-33.9422" lon="18.375310000000002">
    <ele>29.830000000000002</ele>
   </trkpt>
   <trkpt lat="-33.94207" lon="18.375300000000003">
    <ele>29.970000000000002</ele>
   </trkpt>
   <trkpt lat="-33.94183" lon="18.37535">
    <ele>30.18</ele>
   </trkpt>
   <trkpt lat="-33.94165" lon="18.37547">
    <ele>30.44</ele>
   </trkpt>
   <trkpt lat="-33.94151" lon="18.37563">
    <ele>30.640000000000004</ele>
   </trkpt>
   <trkpt lat="-33.94138" lon="18.37585">
    <ele>30.640000000000004</ele>
   </trkpt>
   <trkpt lat="-33.94124" lon="18.37631">
    <ele>31.17</ele>
   </trkpt>
   <trkpt lat="-33.94115" lon="18.37647">
    <ele>31.21</ele>
   </trkpt>
   <trkpt lat="-33.94104" lon="18.3766">
    <ele>31.21</ele>
   </trkpt>
   <trkpt lat="-33.94093" lon="18.37669">
    <ele>31.21</ele>
   </trkpt>
   <trkpt lat="-33.94077" lon="18.37675">
    <ele>31.37</ele>
   </trkpt>
   <trkpt lat="-33.9405" lon="18.376800000000003">
    <ele>31.37</ele>
   </trkpt>
   <trkpt lat="-33.94035" lon="18.37685">
    <ele>31.59</ele>
   </trkpt>
   <trkpt lat="-33.94006" lon="18.377100000000002">
    <ele>31.650000000000002</ele>
   </trkpt>
   <trkpt lat="-33.93967" lon="18.37749">
    <ele>31.71</ele>
   </trkpt>
   <trkpt lat="-33.93954" lon="18.377550000000003">
    <ele>31.740000000000002</ele>
   </trkpt>
   <trkpt lat="-33.93941" lon="18.377560000000003">
    <ele>31.740000000000002</ele>
   </trkpt>
   <trkpt lat="-33.93894" lon="18.37751">
    <ele>31.560000000000006</ele>
   </trkpt>
   <trkpt lat="-33.93876" lon="18.37752">
    <ele>31.22</ele>
   </trkpt>
   <trkpt lat="-33.93849" lon="18.377580000000002">
    <ele>31.160000000000004</ele>
   </trkpt>
   <trkpt lat="-33.93831" lon="18.377730000000003">
    <ele>31.310000000000002</ele>
   </trkpt>
   <trkpt lat="-33.93811" lon="18.37798">
    <ele>31.73</ele>
   </trkpt>
   <trkpt lat="-33.93797" lon="18.37806">
    <ele>31.89</ele>
   </trkpt>
   <trkpt lat="-33.93769" lon="18.37816">
    <ele>32.330000000000005</ele>
   </trkpt>
   <trkpt lat="-33.93744" lon="18.378210000000003">
    <ele>32.660000000000004</ele>
   </trkpt>
   <trkpt lat="-33.93703" lon="18.378220000000002">
    <ele>33.660000000000004</ele>
   </trkpt>
   <trkpt lat="-33.93667" lon="18.37829">
    <ele>34.54</ele>
   </trkpt>
   <trkpt lat="-33.93605" lon="18.37854">
    <ele>35.57</ele>
   </trkpt>
   <trkpt lat="-33.93585" lon="18.37857">
    <ele>35.67</ele>
   </trkpt>
   <trkpt lat="-33.93562" lon="18.37854">
    <ele>36.03</ele>
   </trkpt>
   <trkpt lat="-33.93504" lon="18.378310000000003">
    <ele>36.67</ele>
   </trkpt>
   <trkpt lat="-33.93466" lon="18.37807">
    <ele>37.17</ele>
   </trkpt>
   <trkpt lat="-33.93453" lon="18.37801">
    <ele>37.17</ele>
   </trkpt>
   <trkpt lat="-33.93437" lon="18.37798">
    <ele>37.45</ele>
   </trkpt>
   <trkpt lat="-33.9339" lon="18.3781">
    <ele>37.970000000000006</ele>
   </trkpt>
   <trkpt lat="-33.933640000000004" lon="18.378110000000003">
    <ele>39.21</ele>
   </trkpt>
   <trkpt lat="-33.933620000000005" lon="18.37817">
    <ele>39.27</ele>
   </trkpt>
   <trkpt lat="-33.93336" lon="18.37808">
    <ele>39.550000000000004</ele>
   </trkpt>
   <trkpt lat="-33.933220000000006" lon="18.378">
    <ele>39.550000000000004</ele>
   </trkpt>
   <trkpt lat="-33.93314" lon="18.377940000000002">
    <ele>39.550000000000004</ele>
   </trkpt>
   <trkpt lat="-33.932970000000005" lon="18.37771">
    <ele>39.93</ele>
   </trkpt>
   <trkpt lat="-33.932470002436986" lon="18.376934995464378">
    <ele>40.34</ele>
   </trkpt>
   <trkpt lat="-33.93197" lon="18.376160000000002">
    <ele>39.470000000000006</ele>
   </trkpt>
   <trkpt lat="-33.93188" lon="18.37612">
    <ele>39.470000000000006</ele>
   </trkpt>
   <trkpt lat="-33.9315" lon="18.376070000000002">
    <ele>38.55</ele>
   </trkpt>
   <trkpt lat="-33.9311" lon="18.37599">
    <ele>37.58</ele>
   </trkpt>
   <trkpt lat="-33.93061" lon="18.37575">
    <ele>37.08</ele>
   </trkpt>
   <trkpt lat="-33.93041" lon="18.375690000000002">
    <ele>36.59</ele>
   </trkpt>
   <trkpt lat="-33.93003" lon="18.37566">
    <ele>35.74</ele>
   </trkpt>
   <trkpt lat="-33.92965" lon="18.375780000000002">
    <ele>34.64</ele>
   </trkpt>
   <trkpt lat="-33.92949" lon="18.375780000000002">
    <ele>34.64</ele>
   </trkpt>
   <trkpt lat="-33.92935" lon="18.37571">
    <ele>34.25</ele>
   </trkpt>
   <trkpt lat="-33.92875" lon="18.375300000000003">
    <ele>33.35</ele>
   </trkpt>
   <trkpt lat="-33.92869" lon="18.375300000000003">
    <ele>33.35</ele>
   </trkpt>
   <trkpt lat="-33.92866" lon="18.375300000000003">
    <ele>33.32</ele>
   </trkpt>
   <trkpt lat="-33.92855" lon="18.37538">
    <ele>33.32</ele>
   </trkpt>
   <trkpt lat="-33.92826" lon="18.37574">
    <ele>32.89</ele>
   </trkpt>
   <trkpt lat="-33.92819" lon="18.37584">
    <ele>32.14</ele>
   </trkpt>
   <trkpt lat="-33.928160000000005" lon="18.376520000000003">
    <ele>31.84</ele>
   </trkpt>
   <trkpt lat="-33.928090000000005" lon="18.37696">
    <ele>31.13</ele>
   </trkpt>
   <trkpt lat="-33.9279" lon="18.37753">
    <ele>30.080000000000002</ele>
   </trkpt>
   <trkpt lat="-33.927690000000005" lon="18.377830000000003">
    <ele>29.75</ele>
   </trkpt>
   <trkpt lat="-33.92734" lon="18.378210000000003">
    <ele>29.200000000000003</ele>
   </trkpt>
   <trkpt lat="-33.92687" lon="18.37875">
    <ele>28.940000000000005</ele>
   </trkpt>
   <trkpt lat="-33.92665" lon="18.37891">
    <ele>28.830000000000002</ele>
   </trkpt>
   <trkpt lat="-33.92642" lon="18.379">
    <ele>28.700000000000003</ele>
   </trkpt>
   <trkpt lat="-33.926260000000006" lon="18.37901">
    <ele>28.12</ele>
   </trkpt>
   <trkpt lat="-33.92537" lon="18.378970000000002">
    <ele>26.390000000000004</ele>
   </trkpt>
   <trkpt lat="-33.925000000000004" lon="18.37909">
    <ele>26.560000000000002</ele>
   </trkpt>
   <trkpt lat="-33.92477" lon="18.37919">
    <ele>26.42</ele>
   </trkpt>
   <trkpt lat="-33.92463" lon="18.37927">
    <ele>26.47</ele>
   </trkpt>
   <trkpt lat="-33.92411000148616" lon="18.379880003744187">
    <ele>27.3</ele>
   </trkpt>
   <trkpt lat="-33.923590000000004" lon="18.38049">
    <ele>27.87</ele>
   </trkpt>
   <trkpt lat="-33.92344" lon="18.380640000000003">
    <ele>27.73</ele>
   </trkpt>
   <trkpt lat="-33.92333" lon="18.38068">
    <ele>27.500000000000004</ele>
   </trkpt>
   <trkpt lat="-33.92322" lon="18.380640000000003">
    <ele>26.42</ele>
   </trkpt>
   <trkpt lat="-33.92287" lon="18.380270000000003">
    <ele>23.040000000000003</ele>
   </trkpt>
   <trkpt lat="-33.92253" lon="18.37997">
    <ele>18.82</ele>
   </trkpt>
   <trkpt lat="-33.92212500054302" lon="18.379544997783476">
    <ele>14.41</ele>
   </trkpt>
   <trkpt lat="-33.92172" lon="18.37912">
    <ele>12.14</ele>
   </trkpt>
   <trkpt lat="-33.92163" lon="18.379050000000003">
    <ele>11.35</ele>
   </trkpt>
   <trkpt lat="-33.92157" lon="18.37903">
    <ele>11.35</ele>
   </trkpt>
   <trkpt lat="-33.9215" lon="18.378960000000003">
    <ele>11.35</ele>
   </trkpt>
   <trkpt lat="-33.921380000000006" lon="18.378950000000003">
    <ele>10.360000000000001</ele>
   </trkpt>
   <trkpt lat="-33.92134" lon="18.378970000000002">
    <ele>10.280000000000001</ele>
   </trkpt>
   <trkpt lat="-33.92125" lon="18.37912">
    <ele>10.13</ele>
   </trkpt>
   <trkpt lat="-33.92091" lon="18.37997">
    <ele>8.790000000000001</ele>
   </trkpt>
   <trkpt lat="-33.9205200020704" lon="18.38068500326465">
    <ele>8.32</ele>
   </trkpt>
   <trkpt lat="-33.92013" lon="18.381400000000003">
    <ele>8.120000000000001</ele>
   </trkpt>
   <trkpt lat="-33.91995" lon="18.381610000000002">
    <ele>8.110000000000001</ele>
   </trkpt>
   <trkpt lat="-33.91986" lon="18.38165">
    <ele>8.110000000000001</ele>
   </trkpt>
   <trkpt lat="-33.91935" lon="18.381800000000002">
    <ele>8.049999999999999</ele>
   </trkpt>
   <trkpt lat="-33.91921" lon="18.38191">
    <ele>7.92</ele>
   </trkpt>
   <trkpt lat="-33.9191" lon="18.38204">
    <ele>7.92</ele>
   </trkpt>
   <trkpt lat="-33.91901" lon="18.382240000000003">
    <ele>7.91</ele>
   </trkpt>
   <trkpt lat="-33.91897" lon="18.38251">
    <ele>7.96</ele>
   </trkpt>
   <trkpt lat="-33.918960000000006" lon="18.38279">
    <ele>8.049999999999999</ele>
   </trkpt>
   <trkpt lat="-33.918980000000005" lon="18.382990000000003">
    <ele>8.110000000000001</ele>
   </trkpt>
   <trkpt lat="-33.91915" lon="18.383490000000002">
    <ele>8.63</ele>
   </trkpt>
   <trkpt lat="-33.91919" lon="18.38373">
    <ele>9.030000000000001</ele>
   </trkpt>
   <trkpt lat="-33.919200000000004" lon="18.38397">
    <ele>9.290000000000001</ele>
   </trkpt>
   <trkpt lat="-33.91917" lon="18.384230000000002">
    <ele>9.57</ele>
   </trkpt>
   <trkpt lat="-33.91912" lon="18.384420000000002">
    <ele>9.950000000000001</ele>
   </trkpt>
   <trkpt lat="-33.91899" lon="18.384680000000003">
    <ele>9.89</ele>
   </trkpt>
   <trkpt lat="-33.9185" lon="18.385440000000003">
    <ele>10.14</ele>
   </trkpt>
   <trkpt lat="-33.91836" lon="18.385620000000003">
    <ele>10.180000000000001</ele>
   </trkpt>
   <trkpt lat="-33.91812" lon="18.385810000000003">
    <ele>10.07</ele>
   </trkpt>
   <trkpt lat="-33.91796" lon="18.385910000000003">
    <ele>9.860000000000001</ele>
   </trkpt>
   <trkpt lat="-33.917460000000005" lon="18.386190000000003">
    <ele>9.600000000000001</ele>
   </trkpt>
   <trkpt lat="-33.91725" lon="18.386290000000002">
    <ele>9.46</ele>
   </trkpt>
   <trkpt lat="-33.91657666693011" lon="18.38649333656809">
    <ele>9.02</ele>
   </trkpt>
   <trkpt lat="-33.9159033335261" lon="18.386696669922724">
    <ele>8.97</ele>
   </trkpt>
   <trkpt lat="-33.91523" lon="18.3869">
    <ele>8.84</ele>
   </trkpt>
   <trkpt lat="-33.915060000000004" lon="18.38698">
    <ele>8.59</ele>
   </trkpt>
   <trkpt lat="-33.91429" lon="18.387420000000002">
    <ele>8.55</ele>
   </trkpt>
   <trkpt lat="-33.914280000000005" lon="18.387430000000002">
    <ele>8.56</ele>
   </trkpt>
   <trkpt lat="-33.914743338351606" lon="18.38821665814139">
    <ele>9.250000000000002</ele>
   </trkpt>
   <trkpt lat="-33.9152066717021" lon="18.38900332483707">
    <ele>10.41</ele>
   </trkpt>
   <trkpt lat="-33.915670000000006" lon="18.38979">
    <ele>12.64</ele>
   </trkpt>
   <trkpt lat="-33.914940011138725" lon="18.390417537625154">
    <ele>12.38</ele>
   </trkpt>
   <trkpt lat="-33.914210019094995" lon="18.39104506449912">
    <ele>12.88</ele>
   </trkpt>
   <trkpt lat="-33.91348002386895" lon="18.391672580622338">
    <ele>13.73</ele>
   </trkpt>
   <trkpt lat="-33.91275002546074" lon="18.392300085995224">
    <ele>14.5</ele>
   </trkpt>
   <trkpt lat="-33.9120200238705" lon="18.39292758061823">
    <ele>14.71</ele>
   </trkpt>
   <trkpt lat="-33.911290019098374" lon="18.39355506449178">
    <ele>15.290000000000001</ele>
   </trkpt>
   <trkpt lat="-33.91056001114451" lon="18.394182537616306">
    <ele>15.260000000000002</ele>
   </trkpt>
   <trkpt lat="-33.90983" lon="18.394810000000003">
    <ele>14.990000000000002</ele>
   </trkpt>
   <trkpt lat="-33.909710000000004" lon="18.39496">
    <ele>15.06</ele>
   </trkpt>
   <trkpt lat="-33.90925000520179" lon="18.3957633420271">
    <ele>15.430000000000001</ele>
   </trkpt>
   <trkpt lat="-33.908790005188614" lon="18.396566675383305">
    <ele>15.240000000000002</ele>
   </trkpt>
   <trkpt lat="-33.90833" lon="18.397370000000002">
    <ele>14.72</ele>
   </trkpt>
   <trkpt lat="-33.90879000522799" lon="18.396566675314535">
    <ele>15.240000000000002</ele>
   </trkpt>
   <trkpt lat="-33.90925000524116" lon="18.39576334195833">
    <ele>15.430000000000001</ele>
   </trkpt>
   <trkpt lat="-33.909710000000004" lon="18.39496">
    <ele>15.06</ele>
   </trkpt>
   <trkpt lat="-33.90983" lon="18.394810000000003">
    <ele>14.990000000000002</ele>
   </trkpt>
   <trkpt lat="-33.91049112152965" lon="18.394242257457652">
    <ele>15.260000000000002</ele>
   </trkpt>
   <trkpt lat="-33.911152240454506" lon="18.393674506107534">
    <ele>15.290000000000001</ele>
   </trkpt>
   <trkpt lat="-33.911813356774466" lon="18.39310674594934">
    <ele>14.88</ele>
   </trkpt>
   <trkpt lat="-33.912474470489435" lon="18.392538976982728">
    <ele>14.620000000000001</ele>
   </trkpt>
   <trkpt lat="-33.9131355815993" lon="18.391971199207394">
    <ele>13.860000000000001</ele>
   </trkpt>
   <trkpt lat="-33.91379669010396" lon="18.391403412623013">
    <ele>13.49</ele>
   </trkpt>
   <trkpt lat="-33.914457796003305" lon="18.390835617229257">
    <ele>12.74</ele>
   </trkpt>
   <trkpt lat="-33.91511889929723" lon="18.390267813025815">
    <ele>12.51</ele>
   </trkpt>
   <trkpt lat="-33.915780000000005" lon="18.3897">
    <ele>12.780000000000001</ele>
   </trkpt>
   <trkpt lat="-33.91651" lon="18.389100000000003">
    <ele>13.330000000000002</ele>
   </trkpt>
   <trkpt lat="-33.9169250004578" lon="18.38874000181047">
    <ele>13.840000000000002</ele>
   </trkpt>
   <trkpt lat="-33.91734" lon="18.38838">
    <ele>14.540000000000001</ele>
   </trkpt>
   <trkpt lat="-33.91787500079909" lon="18.38794000274887">
    <ele>15.64</ele>
   </trkpt>
   <trkpt lat="-33.91841" lon="18.387500000000003">
    <ele>16.630000000000003</ele>
   </trkpt>
   <trkpt lat="-33.918350000000004" lon="18.38755">
    <ele>16.490000000000002</ele>
   </trkpt>
   <trkpt lat="-33.91784500058326" lon="18.387965002552182">
    <ele>15.490000000000002</ele>
   </trkpt>
   <trkpt lat="-33.91734" lon="18.38838">
    <ele>14.540000000000001</ele>
   </trkpt>
   <trkpt lat="-33.9169250005896" lon="18.38874000169614">
    <ele>13.840000000000002</ele>
   </trkpt>
   <trkpt lat="-33.91651" lon="18.389100000000003">
    <ele>13.330000000000002</ele>
   </trkpt>
   <trkpt lat="-33.91609000036128" lon="18.38944500179874">
    <ele>13.02</ele>
   </trkpt>
   <trkpt lat="-33.915670000000006" lon="18.38979">
    <ele>12.64</ele>
   </trkpt>
   <trkpt lat="-33.914940011138725" lon="18.390417537625154">
    <ele>12.38</ele>
   </trkpt>
   <trkpt lat="-33.914210019094995" lon="18.39104506449912">
    <ele>12.88</ele>
   </trkpt>
   <trkpt lat="-33.91348002386895" lon="18.391672580622338">
    <ele>13.73</ele>
   </trkpt>
   <trkpt lat="-33.91275002546074" lon="18.392300085995224">
    <ele>14.5</ele>
   </trkpt>
   <trkpt lat="-33.9120200238705" lon="18.39292758061823">
    <ele>14.71</ele>
   </trkpt>
   <trkpt lat="-33.911290019098374" lon="18.39355506449178">
    <ele>15.290000000000001</ele>
   </trkpt>
   <trkpt lat="-33.91056001114451" lon="18.394182537616306">
    <ele>15.260000000000002</ele>
   </trkpt>
   <trkpt lat="-33.90983" lon="18.394810000000003">
    <ele>14.990000000000002</ele>
   </trkpt>
   <trkpt lat="-33.909710000000004" lon="18.39496">
    <ele>15.06</ele>
   </trkpt>
   <trkpt lat="-33.909326670185" lon="18.395623339364395">
    <ele>15.430000000000001</ele>
   </trkpt>
   <trkpt lat="-33.90894333681431" lon="18.396286672762287">
    <ele>15.44</ele>
   </trkpt>
   <trkpt lat="-33.90856" lon="18.39695">
    <ele>15.080000000000002</ele>
   </trkpt>
   <trkpt lat="-33.90829" lon="18.39743">
    <ele>14.730000000000002</ele>
   </trkpt>
   <trkpt lat="-33.908210000000004" lon="18.3975">
    <ele>14.33</ele>
   </trkpt>
   <trkpt lat="-33.908170000000005" lon="18.3976">
    <ele>13.920000000000002</ele>
   </trkpt>
   <trkpt lat="-33.90814" lon="18.397740000000002">
    <ele>13.81</ele>
   </trkpt>
   <trkpt lat="-33.90807" lon="18.39854">
    <ele>13.780000000000001</ele>
   </trkpt>
   <trkpt lat="-33.908010005127686" lon="18.39933666780067">
    <ele>13.97</ele>
   </trkpt>
   <trkpt lat="-33.907950005126736" lon="18.400133334479843">
    <ele>13.580000000000002</ele>
   </trkpt>
   <trkpt lat="-33.90789" lon="18.400930000000002">
    <ele>13.680000000000001</ele>
   </trkpt>
  </trkseg>
 </trk>
</gpx>
